{
  "testId" : "1-zadatak2-unos.gspec",
  "name" : "zadatak2/unos.gspec",
  "report" : {
    "nodes" : [ {
      "name" : "Mutation test",
      "status" : "info",
      "nodes" : [ {
        "name" : "check  zadatak2/unos.gspec --url http://localhost/spirala1/zadatak2/unos.html --size 1920x1080 --offset 5 --htmlreport zadatak2/unos-mutation-report",
        "status" : "info",
        "nodes" : [ {
          "name" : "Check layout: zadatak2/unos.gspec included tags: ",
          "status" : "info",
          "time" : 1573666675456,
          "sections" : [ {
            "name" : "Skeleton",
            "place" : {
              "filePath" : "zadatak2/unos.gspec",
              "lineNumber" : 14
            },
            "objects" : [ {
              "name" : "meni",
              "specs" : [ {
                "status" : "info",
                "place" : {
                  "filePath" : "zadatak2/unos.gspec",
                  "lineNumber" : 18
                },
                "name" : "inside screen 40px top, 8px left right",
                "meta" : [ {
                  "from" : {
                    "object" : "meni",
                    "edge" : "top"
                  },
                  "to" : {
                    "object" : "screen",
                    "edge" : "top"
                  },
                  "expectedDistance" : "40px",
                  "realDistance" : "40px"
                }, {
                  "from" : {
                    "object" : "meni",
                    "edge" : "left"
                  },
                  "to" : {
                    "object" : "screen",
                    "edge" : "left"
                  },
                  "expectedDistance" : "8px",
                  "realDistance" : "8px"
                }, {
                  "from" : {
                    "object" : "meni",
                    "edge" : "right"
                  },
                  "to" : {
                    "object" : "screen",
                    "edge" : "right"
                  },
                  "expectedDistance" : "8px",
                  "realDistance" : "8px"
                } ],
                "highlight" : [ "meni", "screen" ]
              }, {
                "status" : "info",
                "place" : {
                  "filePath" : "zadatak2/unos.gspec",
                  "lineNumber" : 21
                },
                "name" : "centered horizontally inside screen 1px",
                "highlight" : [ "meni", "screen" ]
              } ]
            }, {
              "name" : "sadrzaj",
              "specs" : [ {
                "status" : "info",
                "place" : {
                  "filePath" : "zadatak2/unos.gspec",
                  "lineNumber" : 21
                },
                "name" : "centered horizontally inside screen 1px",
                "highlight" : [ "sadrzaj", "screen" ]
              }, {
                "status" : "info",
                "place" : {
                  "filePath" : "zadatak2/unos.gspec",
                  "lineNumber" : 24
                },
                "name" : "inside screen 8px left right",
                "meta" : [ {
                  "from" : {
                    "object" : "sadrzaj",
                    "edge" : "left"
                  },
                  "to" : {
                    "object" : "screen",
                    "edge" : "left"
                  },
                  "expectedDistance" : "8px",
                  "realDistance" : "8px"
                }, {
                  "from" : {
                    "object" : "sadrzaj",
                    "edge" : "right"
                  },
                  "to" : {
                    "object" : "screen",
                    "edge" : "right"
                  },
                  "expectedDistance" : "8px",
                  "realDistance" : "8px"
                } ],
                "highlight" : [ "sadrzaj", "screen" ]
              } ]
            } ],
            "sections" : [ {
              "name" : "meni, sadrzaj are aligned vertically above each other with 18px margin",
              "place" : {
                "filePath" : "zadatak2/unos.gspec",
                "lineNumber" : 15
              },
              "objects" : [ {
                "name" : "meni",
                "specs" : [ {
                  "status" : "info",
                  "place" : {
                    "filePath" : "zadatak2/../galen-extras/galen-extras-rules.gspec",
                    "lineNumber" : 214
                  },
                  "name" : "aligned vertically all sadrzaj 1px",
                  "highlight" : [ "meni", "sadrzaj" ]
                }, {
                  "status" : "info",
                  "place" : {
                    "filePath" : "zadatak2/../galen-extras/galen-extras-rules.gspec",
                    "lineNumber" : 215
                  },
                  "name" : "above sadrzaj 18px",
                  "meta" : [ {
                    "from" : {
                      "object" : "meni",
                      "edge" : "bottom"
                    },
                    "to" : {
                      "object" : "sadrzaj",
                      "edge" : "top"
                    },
                    "expectedDistance" : "18px",
                    "realDistance" : "18px"
                  } ],
                  "highlight" : [ "meni", "sadrzaj" ]
                } ]
              } ]
            } ]
          }, {
            "name" : "meni elements",
            "place" : {
              "filePath" : "zadatak2/unos.gspec",
              "lineNumber" : 26
            },
            "objects" : [ {
              "name" : "logo",
              "specs" : [ {
                "status" : "info",
                "place" : {
                  "filePath" : "zadatak2/unos.gspec",
                  "lineNumber" : 28
                },
                "name" : "centered horizontally inside meni 1px",
                "highlight" : [ "logo", "meni" ]
              }, {
                "status" : "info",
                "place" : {
                  "filePath" : "zadatak2/unos.gspec",
                  "lineNumber" : 29
                },
                "name" : "height 40px",
                "meta" : [ {
                  "from" : {
                    "object" : "logo",
                    "edge" : "top"
                  },
                  "to" : {
                    "object" : "logo",
                    "edge" : "bottom"
                  },
                  "expectedDistance" : "40px",
                  "realDistance" : "40px"
                } ],
                "highlight" : [ "logo" ]
              }, {
                "status" : "info",
                "place" : {
                  "filePath" : "zadatak2/unos.gspec",
                  "lineNumber" : 30
                },
                "name" : "inside meni 52px bottom, 2px top left right",
                "meta" : [ {
                  "from" : {
                    "object" : "logo",
                    "edge" : "bottom"
                  },
                  "to" : {
                    "object" : "meni",
                    "edge" : "bottom"
                  },
                  "expectedDistance" : "52px",
                  "realDistance" : "52px"
                }, {
                  "from" : {
                    "object" : "logo",
                    "edge" : "top"
                  },
                  "to" : {
                    "object" : "meni",
                    "edge" : "top"
                  },
                  "expectedDistance" : "2px",
                  "realDistance" : "2px"
                }, {
                  "from" : {
                    "object" : "logo",
                    "edge" : "left"
                  },
                  "to" : {
                    "object" : "meni",
                    "edge" : "left"
                  },
                  "expectedDistance" : "2px",
                  "realDistance" : "2px"
                }, {
                  "from" : {
                    "object" : "logo",
                    "edge" : "right"
                  },
                  "to" : {
                    "object" : "meni",
                    "edge" : "right"
                  },
                  "expectedDistance" : "2px",
                  "realDistance" : "2px"
                } ],
                "highlight" : [ "logo", "meni" ]
              } ]
            } ]
          }, {
            "name" : "sadrzaj elements",
            "place" : {
              "filePath" : "zadatak2/unos.gspec",
              "lineNumber" : 32
            },
            "objects" : [ {
              "name" : "input_email",
              "specs" : [ {
                "status" : "info",
                "place" : {
                  "filePath" : "zadatak2/unos.gspec",
                  "lineNumber" : 34
                },
                "name" : "below input_number 12px",
                "meta" : [ {
                  "from" : {
                    "object" : "input_email",
                    "edge" : "top"
                  },
                  "to" : {
                    "object" : "input_number",
                    "edge" : "bottom"
                  },
                  "expectedDistance" : "12px",
                  "realDistance" : "12px"
                } ],
                "highlight" : [ "input_email", "input_number" ]
              }, {
                "status" : "info",
                "place" : {
                  "filePath" : "zadatak2/unos.gspec",
                  "lineNumber" : 41
                },
                "name" : "inside forma",
                "meta" : [ ],
                "highlight" : [ "input_email", "forma" ]
              }, {
                "status" : "info",
                "place" : {
                  "filePath" : "zadatak2/unos.gspec",
                  "lineNumber" : 44
                },
                "name" : "height 22px",
                "meta" : [ {
                  "from" : {
                    "object" : "input_email",
                    "edge" : "top"
                  },
                  "to" : {
                    "object" : "input_email",
                    "edge" : "bottom"
                  },
                  "expectedDistance" : "22px",
                  "realDistance" : "22px"
                } ],
                "highlight" : [ "input_email" ]
              } ]
            }, {
              "name" : "input_text",
              "specs" : [ {
                "status" : "info",
                "place" : {
                  "filePath" : "zadatak2/unos.gspec",
                  "lineNumber" : 37
                },
                "name" : "above input_number 12px",
                "meta" : [ {
                  "from" : {
                    "object" : "input_text",
                    "edge" : "bottom"
                  },
                  "to" : {
                    "object" : "input_number",
                    "edge" : "top"
                  },
                  "expectedDistance" : "12px",
                  "realDistance" : "12px"
                } ],
                "highlight" : [ "input_text", "input_number" ]
              }, {
                "status" : "info",
                "place" : {
                  "filePath" : "zadatak2/unos.gspec",
                  "lineNumber" : 38
                },
                "name" : "inside forma 7px top",
                "meta" : [ {
                  "from" : {
                    "object" : "input_text",
                    "edge" : "top"
                  },
                  "to" : {
                    "object" : "forma",
                    "edge" : "top"
                  },
                  "expectedDistance" : "7px",
                  "realDistance" : "7px"
                } ],
                "highlight" : [ "input_text", "forma" ]
              }, {
                "status" : "info",
                "place" : {
                  "filePath" : "zadatak2/unos.gspec",
                  "lineNumber" : 44
                },
                "name" : "height 22px",
                "meta" : [ {
                  "from" : {
                    "object" : "input_text",
                    "edge" : "top"
                  },
                  "to" : {
                    "object" : "input_text",
                    "edge" : "bottom"
                  },
                  "expectedDistance" : "22px",
                  "realDistance" : "22px"
                } ],
                "highlight" : [ "input_text" ]
              } ]
            }, {
              "name" : "input_number",
              "specs" : [ {
                "status" : "info",
                "place" : {
                  "filePath" : "zadatak2/unos.gspec",
                  "lineNumber" : 41
                },
                "name" : "inside forma",
                "meta" : [ ],
                "highlight" : [ "input_number", "forma" ]
              }, {
                "status" : "info",
                "place" : {
                  "filePath" : "zadatak2/unos.gspec",
                  "lineNumber" : 44
                },
                "name" : "height 22px",
                "meta" : [ {
                  "from" : {
                    "object" : "input_number",
                    "edge" : "top"
                  },
                  "to" : {
                    "object" : "input_number",
                    "edge" : "bottom"
                  },
                  "expectedDistance" : "22px",
                  "realDistance" : "22px"
                } ],
                "highlight" : [ "input_number" ]
              } ]
            }, {
              "name" : "forma",
              "specs" : [ {
                "status" : "info",
                "place" : {
                  "filePath" : "zadatak2/unos.gspec",
                  "lineNumber" : 47
                },
                "name" : "centered horizontally inside sadrzaj 1px",
                "highlight" : [ "forma", "sadrzaj" ]
              }, {
                "status" : "info",
                "place" : {
                  "filePath" : "zadatak2/unos.gspec",
                  "lineNumber" : 48
                },
                "name" : "inside sadrzaj 22px top left right bottom",
                "meta" : [ {
                  "from" : {
                    "object" : "forma",
                    "edge" : "top"
                  },
                  "to" : {
                    "object" : "sadrzaj",
                    "edge" : "top"
                  },
                  "expectedDistance" : "22px",
                  "realDistance" : "22px"
                }, {
                  "from" : {
                    "object" : "forma",
                    "edge" : "left"
                  },
                  "to" : {
                    "object" : "sadrzaj",
                    "edge" : "left"
                  },
                  "expectedDistance" : "22px",
                  "realDistance" : "22px"
                }, {
                  "from" : {
                    "object" : "forma",
                    "edge" : "right"
                  },
                  "to" : {
                    "object" : "sadrzaj",
                    "edge" : "right"
                  },
                  "expectedDistance" : "22px",
                  "realDistance" : "22px"
                }, {
                  "from" : {
                    "object" : "forma",
                    "edge" : "bottom"
                  },
                  "to" : {
                    "object" : "sadrzaj",
                    "edge" : "bottom"
                  },
                  "expectedDistance" : "22px",
                  "realDistance" : "22px"
                } ],
                "highlight" : [ "forma", "sadrzaj" ]
              } ]
            } ]
          } ],
          "objects" : {
            "meni" : {
              "area" : [ 8, 40, 1892, 94 ]
            },
            "input_email" : {
              "area" : [ 957, 249, 147, 22 ]
            },
            "input_text" : {
              "area" : [ 957, 181, 147, 22 ]
            },
            "input_number" : {
              "area" : [ 961, 215, 140, 22 ]
            },
            "screen" : {
              "area" : [ 0, 0, 1908, 999 ]
            },
            "logo" : {
              "area" : [ 10, 42, 1888, 40 ]
            },
            "forma" : {
              "area" : [ 30, 174, 1848, 196 ]
            },
            "sadrzaj" : {
              "area" : [ 8, 152, 1892, 240 ]
            }
          },
          "screenshot" : "layout-1-screenshot.png",
          "type" : "layout"
        }, {
          "name" : "Mutation testing: zadatak2/unos.gspec included tags: ",
          "status" : "error",
          "time" : 1573666675456,
          "mutationReport" : {
            "objectMutationStatistics" : {
              "meni" : {
                "passed" : 10,
                "failed" : 0,
                "failedMutations" : [ ]
              },
              "input_email" : {
                "passed" : 5,
                "failed" : 5,
                "failedMutations" : [ "input_email: drag left by 5px", "input_email: drag right by 5px", "input_email: increase width by 5px", "input_email: decrease width by 5px", "input_email: move left edge right by 5px" ]
              },
              "input_text" : {
                "passed" : 5,
                "failed" : 5,
                "failedMutations" : [ "input_text: drag left by 5px", "input_text: drag right by 5px", "input_text: increase width by 5px", "input_text: decrease width by 5px", "input_text: move left edge right by 5px" ]
              },
              "input_number" : {
                "passed" : 5,
                "failed" : 5,
                "failedMutations" : [ "input_number: drag left by 5px", "input_number: drag right by 5px", "input_number: increase width by 5px", "input_number: decrease width by 5px", "input_number: move left edge right by 5px" ]
              },
              "screen" : {
                "passed" : 8,
                "failed" : 2,
                "failedMutations" : [ "screen: increase height by 5px", "screen: decrease height by 5px" ]
              },
              "logo" : {
                "passed" : 10,
                "failed" : 0,
                "failedMutations" : [ ]
              },
              "forma" : {
                "passed" : 10,
                "failed" : 0,
                "failedMutations" : [ ]
              },
              "sadrzaj" : {
                "passed" : 10,
                "failed" : 0,
                "failedMutations" : [ ]
              }
            },
            "totalPassed" : 63,
            "totalFailed" : 17,
            "failedRatio" : 21.25,
            "totalMutations" : 80
          },
          "type" : "mutation"
        } ],
        "time" : 1573666673300,
        "type" : "node"
      } ],
      "time" : 1573666668034,
      "type" : "node"
    } ]
  }
}