{"periodicnaZauzeca":[{"dan":1,"semestar":"zimski","pocetak":"15:00","kraj":"16:00","naziv":"test naziv","predavac":"test predavac"},{"dan":3,"semestar":"zimski","pocetak":"15:00","kraj":"16:00","naziv":"test naziv","predavac":"test predavac"},{"dan":4,"semestar":"ljetni","pocetak":"15:00","kraj":"16:00","naziv":"test naziv","predavac":"test predavac"},{"dan":0,"semestar":"ljetni","pocetak":"10:00","kraj":"00:00","naziv":"test naziv","predavac":"test predavac"},{"dan":5,"semestar":"zimski","pocetak":"10:00","kraj":"11:00","naziv":"test naziv","predavac":"test predavac"}],"vanrednaZauzeca":[{"datum":"15.11.2019","pocetak":"15:00","kraj":"16:00","naziv":"test naziv","predavac":"test predavac"},{"datum":"17.11.2019","pocetak":"15:00","kraj":"16:00","naziv":"test naziv","predavac":"test predavac"},{"datum":"26.5.2019","pocetak":"15:00","kraj":"16:00","naziv":"test naziv","predavac":"test predavac"},{"datum":"25.3.2019","pocetak":"15:00","kraj":"16:00","naziv":"test naziv","predavac":"test predavac"},{"datum":"2.8.2019","pocetak":"10:00","kraj":"00:00","naziv":"test naziv","predavac":"test predavac"},{"datum":"11.10.2020","pocetak":"10:00","kraj":"11:00","naziv":"test naziv","predavac":"test predavac"},{"datum":"8.12.2019","pocetak":"10:00","kraj":"11:00","naziv":"test naziv","predavac":"test predavac"}]}