{"title":"Početna","items":{"meni":{"area":[8,40,330,246],"hasImage":true},"meni_element":{"area":[20,98,316,34],"hasImage":true},"slika":{"area":[93,326,160,120],"hasImage":true},"okvir_slike":{"area":[93,326,160,123],"hasImage":true},"meni_lista":{"area":[10,98,326,170],"hasImage":true},"viewport":{"area":[0,0,346,819],"hasImage":true},"logo":{"area":[10,42,326,40],"hasImage":true},"screen":{"area":[0,0,346,1681],"hasImage":true},"sadrzaj":{"area":[8,304,330,1369],"hasImage":true}},"pageName":"http://localhost/spirala1/zadatak3/pocetna.html"}