{
  "testId" : "1-zadatak1-mobilesale.gspec",
  "name" : "zadatak1/mobileSale.gspec",
  "report" : {
    "nodes" : [ {
      "name" : "Mutation test",
      "status" : "info",
      "nodes" : [ {
        "name" : "check  zadatak1/mobileSale.gspec --url http://localhost/spirala1/zadatak1/sale.html --size 375x900 --offset 5 --htmlreport zadatak1/mobileSale-mutation-report",
        "status" : "info",
        "nodes" : [ {
          "name" : "Check layout: zadatak1/mobileSale.gspec included tags: ",
          "status" : "info",
          "time" : 1573661976762,
          "sections" : [ {
            "name" : "Skeleton",
            "place" : {
              "filePath" : "zadatak1/mobileSale.gspec",
              "lineNumber" : 15
            },
            "objects" : [ {
              "name" : "meni",
              "specs" : [ {
                "status" : "info",
                "place" : {
                  "filePath" : "zadatak1/mobileSale.gspec",
                  "lineNumber" : 19
                },
                "name" : "inside screen 40px top, 8px left right",
                "meta" : [ {
                  "from" : {
                    "object" : "meni",
                    "edge" : "top"
                  },
                  "to" : {
                    "object" : "screen",
                    "edge" : "top"
                  },
                  "expectedDistance" : "40px",
                  "realDistance" : "40px"
                }, {
                  "from" : {
                    "object" : "meni",
                    "edge" : "left"
                  },
                  "to" : {
                    "object" : "screen",
                    "edge" : "left"
                  },
                  "expectedDistance" : "8px",
                  "realDistance" : "8px"
                }, {
                  "from" : {
                    "object" : "meni",
                    "edge" : "right"
                  },
                  "to" : {
                    "object" : "screen",
                    "edge" : "right"
                  },
                  "expectedDistance" : "8px",
                  "realDistance" : "8px"
                } ],
                "highlight" : [ "meni", "screen" ]
              }, {
                "status" : "info",
                "place" : {
                  "filePath" : "zadatak1/mobileSale.gspec",
                  "lineNumber" : 22
                },
                "name" : "centered horizontally inside screen 1px",
                "highlight" : [ "meni", "screen" ]
              } ]
            }, {
              "name" : "sadrzaj",
              "specs" : [ {
                "status" : "info",
                "place" : {
                  "filePath" : "zadatak1/mobileSale.gspec",
                  "lineNumber" : 22
                },
                "name" : "centered horizontally inside screen 1px",
                "highlight" : [ "sadrzaj", "screen" ]
              }, {
                "status" : "info",
                "place" : {
                  "filePath" : "zadatak1/mobileSale.gspec",
                  "lineNumber" : 25
                },
                "name" : "inside screen 8px left right",
                "meta" : [ {
                  "from" : {
                    "object" : "sadrzaj",
                    "edge" : "left"
                  },
                  "to" : {
                    "object" : "screen",
                    "edge" : "left"
                  },
                  "expectedDistance" : "8px",
                  "realDistance" : "8px"
                }, {
                  "from" : {
                    "object" : "sadrzaj",
                    "edge" : "right"
                  },
                  "to" : {
                    "object" : "screen",
                    "edge" : "right"
                  },
                  "expectedDistance" : "8px",
                  "realDistance" : "8px"
                } ],
                "highlight" : [ "sadrzaj", "screen" ]
              } ]
            } ],
            "sections" : [ {
              "name" : "meni, sadrzaj are aligned vertically above each other with 18px margin",
              "place" : {
                "filePath" : "zadatak1/mobileSale.gspec",
                "lineNumber" : 16
              },
              "objects" : [ {
                "name" : "meni",
                "specs" : [ {
                  "status" : "info",
                  "place" : {
                    "filePath" : "zadatak1/../galen-extras/galen-extras-rules.gspec",
                    "lineNumber" : 214
                  },
                  "name" : "aligned vertically all sadrzaj 1px",
                  "highlight" : [ "meni", "sadrzaj" ]
                }, {
                  "status" : "info",
                  "place" : {
                    "filePath" : "zadatak1/../galen-extras/galen-extras-rules.gspec",
                    "lineNumber" : 215
                  },
                  "name" : "above sadrzaj 18px",
                  "meta" : [ {
                    "from" : {
                      "object" : "meni",
                      "edge" : "bottom"
                    },
                    "to" : {
                      "object" : "sadrzaj",
                      "edge" : "top"
                    },
                    "expectedDistance" : "18px",
                    "realDistance" : "18px"
                  } ],
                  "highlight" : [ "meni", "sadrzaj" ]
                } ]
              } ]
            } ]
          }, {
            "name" : "meni elements",
            "place" : {
              "filePath" : "zadatak1/mobileSale.gspec",
              "lineNumber" : 27
            },
            "objects" : [ {
              "name" : "logo",
              "specs" : [ {
                "status" : "info",
                "place" : {
                  "filePath" : "zadatak1/mobileSale.gspec",
                  "lineNumber" : 29
                },
                "name" : "centered horizontally inside meni 1px",
                "highlight" : [ "logo", "meni" ]
              }, {
                "status" : "info",
                "place" : {
                  "filePath" : "zadatak1/mobileSale.gspec",
                  "lineNumber" : 30
                },
                "name" : "height 40px",
                "meta" : [ {
                  "from" : {
                    "object" : "logo",
                    "edge" : "top"
                  },
                  "to" : {
                    "object" : "logo",
                    "edge" : "bottom"
                  },
                  "expectedDistance" : "40px",
                  "realDistance" : "40px"
                } ],
                "highlight" : [ "logo" ]
              }, {
                "status" : "info",
                "place" : {
                  "filePath" : "zadatak1/mobileSale.gspec",
                  "lineNumber" : 31
                },
                "name" : "inside meni 2px top left right",
                "meta" : [ {
                  "from" : {
                    "object" : "logo",
                    "edge" : "top"
                  },
                  "to" : {
                    "object" : "meni",
                    "edge" : "top"
                  },
                  "expectedDistance" : "2px",
                  "realDistance" : "2px"
                }, {
                  "from" : {
                    "object" : "logo",
                    "edge" : "left"
                  },
                  "to" : {
                    "object" : "meni",
                    "edge" : "left"
                  },
                  "expectedDistance" : "2px",
                  "realDistance" : "2px"
                }, {
                  "from" : {
                    "object" : "logo",
                    "edge" : "right"
                  },
                  "to" : {
                    "object" : "meni",
                    "edge" : "right"
                  },
                  "expectedDistance" : "2px",
                  "realDistance" : "2px"
                } ],
                "highlight" : [ "logo", "meni" ]
              } ]
            } ]
          }, {
            "name" : "sadrzaj elements",
            "place" : {
              "filePath" : "zadatak1/mobileSale.gspec",
              "lineNumber" : 33
            },
            "objects" : [ {
              "name" : "zauzetaSala",
              "specs" : [ {
                "status" : "info",
                "place" : {
                  "filePath" : "zadatak1/mobileSale.gspec",
                  "lineNumber" : 37
                },
                "name" : "inside tabelaSala 0px right, >= 1px left",
                "meta" : [ {
                  "from" : {
                    "object" : "zauzetaSala",
                    "edge" : "right"
                  },
                  "to" : {
                    "object" : "tabelaSala",
                    "edge" : "right"
                  },
                  "expectedDistance" : "0px",
                  "realDistance" : "0px"
                }, {
                  "from" : {
                    "object" : "zauzetaSala",
                    "edge" : "left"
                  },
                  "to" : {
                    "object" : "tabelaSala",
                    "edge" : "left"
                  },
                  "expectedDistance" : ">= 1px",
                  "realDistance" : "201px"
                } ],
                "highlight" : [ "zauzetaSala", "tabelaSala" ]
              }, {
                "status" : "info",
                "place" : {
                  "filePath" : "zadatak1/mobileSale.gspec",
                  "lineNumber" : 45
                },
                "name" : "height 29px",
                "meta" : [ {
                  "from" : {
                    "object" : "zauzetaSala",
                    "edge" : "top"
                  },
                  "to" : {
                    "object" : "zauzetaSala",
                    "edge" : "bottom"
                  },
                  "expectedDistance" : "29px",
                  "realDistance" : "29px"
                } ],
                "highlight" : [ "zauzetaSala" ]
              }, {
                "status" : "info",
                "place" : {
                  "filePath" : "zadatak1/mobileSale.gspec",
                  "lineNumber" : 46
                },
                "name" : "width 50px",
                "meta" : [ {
                  "from" : {
                    "object" : "zauzetaSala",
                    "edge" : "left"
                  },
                  "to" : {
                    "object" : "zauzetaSala",
                    "edge" : "right"
                  },
                  "expectedDistance" : "50px",
                  "realDistance" : "50px"
                } ],
                "highlight" : [ "zauzetaSala" ]
              } ]
            }, {
              "name" : "sala",
              "specs" : [ {
                "status" : "info",
                "place" : {
                  "filePath" : "zadatak1/mobileSale.gspec",
                  "lineNumber" : 40
                },
                "name" : "above kancelarija 29px",
                "meta" : [ {
                  "from" : {
                    "object" : "sala",
                    "edge" : "bottom"
                  },
                  "to" : {
                    "object" : "kancelarija",
                    "edge" : "top"
                  },
                  "expectedDistance" : "29px",
                  "realDistance" : "29px"
                } ],
                "highlight" : [ "sala", "kancelarija" ]
              }, {
                "status" : "info",
                "place" : {
                  "filePath" : "zadatak1/mobileSale.gspec",
                  "lineNumber" : 41
                },
                "name" : "inside tabelaSala 1px top left",
                "meta" : [ {
                  "from" : {
                    "object" : "sala",
                    "edge" : "top"
                  },
                  "to" : {
                    "object" : "tabelaSala",
                    "edge" : "top"
                  },
                  "expectedDistance" : "1px",
                  "realDistance" : "1px"
                }, {
                  "from" : {
                    "object" : "sala",
                    "edge" : "left"
                  },
                  "to" : {
                    "object" : "tabelaSala",
                    "edge" : "left"
                  },
                  "expectedDistance" : "1px",
                  "realDistance" : "1px"
                } ],
                "highlight" : [ "sala", "tabelaSala" ]
              }, {
                "status" : "info",
                "place" : {
                  "filePath" : "zadatak1/mobileSale.gspec",
                  "lineNumber" : 42
                },
                "name" : "left-of slobodnaSala",
                "meta" : [ {
                  "from" : {
                    "object" : "sala",
                    "edge" : "right"
                  },
                  "to" : {
                    "object" : "slobodnaSala",
                    "edge" : "left"
                  },
                  "expectedDistance" : ">= 0px",
                  "realDistance" : "150px"
                } ],
                "highlight" : [ "sala", "slobodnaSala" ]
              }, {
                "status" : "info",
                "place" : {
                  "filePath" : "zadatak1/mobileSale.gspec",
                  "lineNumber" : 45
                },
                "name" : "height 29px",
                "meta" : [ {
                  "from" : {
                    "object" : "sala",
                    "edge" : "top"
                  },
                  "to" : {
                    "object" : "sala",
                    "edge" : "bottom"
                  },
                  "expectedDistance" : "29px",
                  "realDistance" : "29px"
                } ],
                "highlight" : [ "sala" ]
              }, {
                "status" : "info",
                "place" : {
                  "filePath" : "zadatak1/mobileSale.gspec",
                  "lineNumber" : 46
                },
                "name" : "width 50px",
                "meta" : [ {
                  "from" : {
                    "object" : "sala",
                    "edge" : "left"
                  },
                  "to" : {
                    "object" : "sala",
                    "edge" : "right"
                  },
                  "expectedDistance" : "50px",
                  "realDistance" : "50px"
                } ],
                "highlight" : [ "sala" ]
              } ]
            }, {
              "name" : "kancelarija",
              "specs" : [ {
                "status" : "info",
                "place" : {
                  "filePath" : "zadatak1/mobileSale.gspec",
                  "lineNumber" : 45
                },
                "name" : "height 29px",
                "meta" : [ {
                  "from" : {
                    "object" : "kancelarija",
                    "edge" : "top"
                  },
                  "to" : {
                    "object" : "kancelarija",
                    "edge" : "bottom"
                  },
                  "expectedDistance" : "29px",
                  "realDistance" : "29px"
                } ],
                "highlight" : [ "kancelarija" ]
              }, {
                "status" : "info",
                "place" : {
                  "filePath" : "zadatak1/mobileSale.gspec",
                  "lineNumber" : 46
                },
                "name" : "width 50px",
                "meta" : [ {
                  "from" : {
                    "object" : "kancelarija",
                    "edge" : "left"
                  },
                  "to" : {
                    "object" : "kancelarija",
                    "edge" : "right"
                  },
                  "expectedDistance" : "50px",
                  "realDistance" : "50px"
                } ],
                "highlight" : [ "kancelarija" ]
              }, {
                "status" : "info",
                "place" : {
                  "filePath" : "zadatak1/mobileSale.gspec",
                  "lineNumber" : 49
                },
                "name" : "inside tabelaSala 1px left, >= 0px right",
                "meta" : [ {
                  "from" : {
                    "object" : "kancelarija",
                    "edge" : "left"
                  },
                  "to" : {
                    "object" : "tabelaSala",
                    "edge" : "left"
                  },
                  "expectedDistance" : "1px",
                  "realDistance" : "1px"
                }, {
                  "from" : {
                    "object" : "kancelarija",
                    "edge" : "right"
                  },
                  "to" : {
                    "object" : "tabelaSala",
                    "edge" : "right"
                  },
                  "expectedDistance" : ">= 0px",
                  "realDistance" : "200px"
                } ],
                "highlight" : [ "kancelarija", "tabelaSala" ]
              } ]
            }, {
              "name" : "slobodnaSala",
              "specs" : [ {
                "status" : "info",
                "place" : {
                  "filePath" : "zadatak1/mobileSale.gspec",
                  "lineNumber" : 45
                },
                "name" : "height 29px",
                "meta" : [ {
                  "from" : {
                    "object" : "slobodnaSala",
                    "edge" : "top"
                  },
                  "to" : {
                    "object" : "slobodnaSala",
                    "edge" : "bottom"
                  },
                  "expectedDistance" : "29px",
                  "realDistance" : "29px"
                } ],
                "highlight" : [ "slobodnaSala" ]
              }, {
                "status" : "info",
                "place" : {
                  "filePath" : "zadatak1/mobileSale.gspec",
                  "lineNumber" : 46
                },
                "name" : "width 50px",
                "meta" : [ {
                  "from" : {
                    "object" : "slobodnaSala",
                    "edge" : "left"
                  },
                  "to" : {
                    "object" : "slobodnaSala",
                    "edge" : "right"
                  },
                  "expectedDistance" : "50px",
                  "realDistance" : "50px"
                } ],
                "highlight" : [ "slobodnaSala" ]
              }, {
                "status" : "info",
                "place" : {
                  "filePath" : "zadatak1/mobileSale.gspec",
                  "lineNumber" : 56
                },
                "name" : "inside tabelaSala 1px top, 0px right",
                "meta" : [ {
                  "from" : {
                    "object" : "slobodnaSala",
                    "edge" : "top"
                  },
                  "to" : {
                    "object" : "tabelaSala",
                    "edge" : "top"
                  },
                  "expectedDistance" : "1px",
                  "realDistance" : "1px"
                }, {
                  "from" : {
                    "object" : "slobodnaSala",
                    "edge" : "right"
                  },
                  "to" : {
                    "object" : "tabelaSala",
                    "edge" : "right"
                  },
                  "expectedDistance" : "0px",
                  "realDistance" : "0px"
                } ],
                "highlight" : [ "slobodnaSala", "tabelaSala" ]
              } ]
            }, {
              "name" : "tabelaSala",
              "specs" : [ {
                "status" : "info",
                "place" : {
                  "filePath" : "zadatak1/mobileSale.gspec",
                  "lineNumber" : 52
                },
                "name" : "centered horizontally inside sadrzaj 1px",
                "highlight" : [ "tabelaSala", "sadrzaj" ]
              }, {
                "status" : "info",
                "place" : {
                  "filePath" : "zadatak1/mobileSale.gspec",
                  "lineNumber" : 53
                },
                "name" : "inside sadrzaj 22px top bottom, 48px left right",
                "meta" : [ {
                  "from" : {
                    "object" : "tabelaSala",
                    "edge" : "top"
                  },
                  "to" : {
                    "object" : "sadrzaj",
                    "edge" : "top"
                  },
                  "expectedDistance" : "22px",
                  "realDistance" : "22px"
                }, {
                  "from" : {
                    "object" : "tabelaSala",
                    "edge" : "bottom"
                  },
                  "to" : {
                    "object" : "sadrzaj",
                    "edge" : "bottom"
                  },
                  "expectedDistance" : "22px",
                  "realDistance" : "22px"
                }, {
                  "from" : {
                    "object" : "tabelaSala",
                    "edge" : "left"
                  },
                  "to" : {
                    "object" : "sadrzaj",
                    "edge" : "left"
                  },
                  "expectedDistance" : "48px",
                  "realDistance" : "48px"
                }, {
                  "from" : {
                    "object" : "tabelaSala",
                    "edge" : "right"
                  },
                  "to" : {
                    "object" : "sadrzaj",
                    "edge" : "right"
                  },
                  "expectedDistance" : "48px",
                  "realDistance" : "48px"
                } ],
                "highlight" : [ "tabelaSala", "sadrzaj" ]
              } ]
            } ],
            "sections" : [ {
              "name" : "slobodnaSala, zauzetaSala are aligned vertically above each other with 0px margin",
              "place" : {
                "filePath" : "zadatak1/mobileSale.gspec",
                "lineNumber" : 34
              },
              "objects" : [ {
                "name" : "slobodnaSala",
                "specs" : [ {
                  "status" : "info",
                  "place" : {
                    "filePath" : "zadatak1/../galen-extras/galen-extras-rules.gspec",
                    "lineNumber" : 214
                  },
                  "name" : "aligned vertically all zauzetaSala 1px",
                  "highlight" : [ "slobodnaSala", "zauzetaSala" ]
                }, {
                  "status" : "info",
                  "place" : {
                    "filePath" : "zadatak1/../galen-extras/galen-extras-rules.gspec",
                    "lineNumber" : 215
                  },
                  "name" : "above zauzetaSala 0px",
                  "meta" : [ {
                    "from" : {
                      "object" : "slobodnaSala",
                      "edge" : "bottom"
                    },
                    "to" : {
                      "object" : "zauzetaSala",
                      "edge" : "top"
                    },
                    "expectedDistance" : "0px",
                    "realDistance" : "0px"
                  } ],
                  "highlight" : [ "slobodnaSala", "zauzetaSala" ]
                } ]
              } ]
            } ]
          } ],
          "objects" : {
            "meni" : {
              "area" : [ 8, 40, 347, 246 ]
            },
            "zauzetaSala" : {
              "area" : [ 257, 356, 50, 29 ]
            },
            "sala" : {
              "area" : [ 57, 327, 50, 29 ]
            },
            "screen" : {
              "area" : [ 0, 0, 363, 819 ]
            },
            "logo" : {
              "area" : [ 10, 42, 343, 40 ]
            },
            "sadrzaj" : {
              "area" : [ 8, 304, 347, 306 ]
            },
            "kancelarija" : {
              "area" : [ 57, 385, 50, 29 ]
            },
            "slobodnaSala" : {
              "area" : [ 257, 327, 50, 29 ]
            },
            "tabelaSala" : {
              "area" : [ 56, 326, 251, 262 ]
            }
          },
          "screenshot" : "layout-1-screenshot.png",
          "type" : "layout"
        }, {
          "name" : "Mutation testing: zadatak1/mobileSale.gspec included tags: ",
          "status" : "error",
          "time" : 1573661976762,
          "mutationReport" : {
            "objectMutationStatistics" : {
              "meni" : {
                "passed" : 10,
                "failed" : 0,
                "failedMutations" : [ ]
              },
              "zauzetaSala" : {
                "passed" : 10,
                "failed" : 0,
                "failedMutations" : [ ]
              },
              "sala" : {
                "passed" : 10,
                "failed" : 0,
                "failedMutations" : [ ]
              },
              "screen" : {
                "passed" : 8,
                "failed" : 2,
                "failedMutations" : [ "screen: increase height by 5px", "screen: decrease height by 5px" ]
              },
              "logo" : {
                "passed" : 10,
                "failed" : 0,
                "failedMutations" : [ ]
              },
              "sadrzaj" : {
                "passed" : 10,
                "failed" : 0,
                "failedMutations" : [ ]
              },
              "kancelarija" : {
                "passed" : 10,
                "failed" : 0,
                "failedMutations" : [ ]
              },
              "slobodnaSala" : {
                "passed" : 10,
                "failed" : 0,
                "failedMutations" : [ ]
              },
              "tabelaSala" : {
                "passed" : 10,
                "failed" : 0,
                "failedMutations" : [ ]
              }
            },
            "totalPassed" : 88,
            "totalFailed" : 2,
            "failedRatio" : 2.2222222222222223,
            "totalMutations" : 90
          },
          "type" : "mutation"
        } ],
        "time" : 1573661973937,
        "type" : "node"
      } ],
      "time" : 1573661968872,
      "type" : "node"
    } ]
  }
}