{"title":"Rezervacije","items":{"meni":{"area":[8,40,1892,94],"hasImage":true},"lista":{"area":[10,98,1888,18],"hasImage":true},"input_time":{"area":[936,235,104,22],"hasImage":true},"screen":{"area":[0,0,1908,999],"hasImage":true},"forma":{"area":[30,174,1848,112],"hasImage":true},"mjesec":{"area":[768,318,371,23],"hasImage":true},"sadrzaj":{"area":[8,152,1892,506],"hasImage":true},"zauzeta":{"area":[1086,378,47,40],"hasImage":true},"input_checkbox":{"area":[991,208,13,13],"hasImage":true},"viewport":{"area":[0,0,1908,999],"hasImage":true},"sedmica":{"area":[768,341,371,31],"hasImage":true},"dani":{"area":[768,372,371,232],"hasImage":true},"logo":{"area":[10,42,1888,40],"hasImage":true},"padajuca_lisa":{"area":[950,178,53,20],"hasImage":true},"kalendar":{"area":[766,316,375,290],"hasImage":true},"slobodna":{"area":[982,378,47,40],"hasImage":true}},"pageName":"http://localhost/spirala1/zadatak4/rezervacija.html"}