{"title":"Unos","items":{"meni":{"area":[8,40,347,246],"hasImage":true},"input_email":{"area":[35,449,147,22],"hasImage":true},"input_text":{"area":[35,349,147,22],"hasImage":true},"input_number":{"area":[35,399,140,22],"hasImage":true},"viewport":{"area":[0,0,363,819],"hasImage":true},"logo":{"area":[10,42,343,40],"hasImage":true},"screen":{"area":[0,0,363,819],"hasImage":true},"forma":{"area":[30,326,303,260],"hasImage":true},"sadrzaj":{"area":[8,304,347,304],"hasImage":true}},"pageName":"http://localhost/spirala1/zadatak2/unos.html"}