{
  "testId" : "1-pocetna.spec",
  "name" : "pocetna.spec",
  "report" : {
    "nodes" : [ {
      "name" : "Mutation test",
      "status" : "info",
      "nodes" : [ {
        "name" : "check  pocetna.spec --url http://localhost/pocetna.html --size 1024x708 --htmlreport mutation-report/pocetna",
        "status" : "info",
        "nodes" : [ {
          "name" : "FileNotFoundException: pocetna.spec",
          "status" : "error",
          "time" : 1573460055969,
          "stacktrace" : "java.io.FileNotFoundException: pocetna.spec\r\n\tat com.galenframework.speclang2.pagespec.PageSpecReader.read(PageSpecReader.java:43)\r\n\tat com.galenframework.api.mutation.GalenMutate.parseSpec(GalenMutate.java:76)\r\n\tat com.galenframework.api.mutation.GalenMutate.checkAllMutations(GalenMutate.java:51)\r\n\tat com.galenframework.suite.actions.GalenPageActionMutate.execute(GalenPageActionMutate.java:38)\r\n\tat com.galenframework.runner.GalenPageRunner.executeAction(GalenPageRunner.java:84)\r\n\tat com.galenframework.runner.GalenPageRunner.run(GalenPageRunner.java:76)\r\n\tat com.galenframework.runner.GalenBasicTestRunner.runTest(GalenBasicTestRunner.java:76)\r\n\tat com.galenframework.tests.GalenBasicTest.execute(GalenBasicTest.java:55)\r\n\tat com.galenframework.TestRunnable.runTest(TestRunnable.java:75)\r\n\tat com.galenframework.TestRunnable.run(TestRunnable.java:101)\r\n\tat java.base/java.util.concurrent.ThreadPoolExecutor.runWorker(Unknown Source)\r\n\tat java.base/java.util.concurrent.ThreadPoolExecutor$Worker.run(Unknown Source)\r\n\tat java.base/java.lang.Thread.run(Unknown Source)\r\n",
          "type" : "node"
        } ],
        "time" : 1573460055963,
        "type" : "node"
      } ],
      "time" : 1573460050963,
      "type" : "node"
    } ]
  }
}