{"title":"Sale","items":{"meni":{"area":[8,40,347,246],"hasImage":true},"zauzetaSala":{"area":[257,356,50,29],"hasImage":true},"viewport":{"area":[0,0,363,819],"hasImage":true},"sala":{"area":[57,327,50,29],"hasImage":true},"logo":{"area":[10,42,343,40],"hasImage":true},"screen":{"area":[0,0,363,819],"hasImage":true},"sadrzaj":{"area":[8,304,347,306],"hasImage":true},"kancelarija":{"area":[57,385,50,29],"hasImage":true},"tabelaSala":{"area":[56,326,251,262],"hasImage":true},"slobodnaSala":{"area":[257,327,50,29],"hasImage":true}},"pageName":"http://localhost/spirala1/zadatak1/sale.html"}