{
  "testId" : "1-sale.gspec",
  "name" : "sale.gspec",
  "report" : {
    "nodes" : [ {
      "name" : "Simple check",
      "status" : "info",
      "nodes" : [ {
        "name" : "check  sale.gspec --url C:/Users/Damir/Desktop/spirale/wt1916928/spirala1/sale.html --size 1366x786 --htmlreport reports",
        "status" : "info",
        "nodes" : [ {
          "name" : "Check layout: sale.gspec included tags: ",
          "status" : "info",
          "time" : 1573669597154,
          "sections" : [ {
            "name" : "Sprat",
            "place" : {
              "filePath" : "sale.gspec",
              "lineNumber" : 11
            },
            "objects" : [ {
              "name" : "headerSprat-1",
              "specs" : [ {
                "status" : "info",
                "place" : {
                  "filePath" : "sale.gspec",
                  "lineNumber" : 13
                },
                "name" : "visible",
                "highlight" : [ "headerSprat-1" ]
              } ]
            } ]
          }, {
            "name" : "Red",
            "place" : {
              "filePath" : "sale.gspec",
              "lineNumber" : 15
            },
            "objects" : [ {
              "name" : "headerRedni-1",
              "specs" : [ {
                "status" : "info",
                "place" : {
                  "filePath" : "sale.gspec",
                  "lineNumber" : 17
                },
                "name" : "visible",
                "highlight" : [ "headerRedni-1" ]
              } ]
            }, {
              "name" : "headerRedni-2",
              "specs" : [ {
                "status" : "info",
                "place" : {
                  "filePath" : "sale.gspec",
                  "lineNumber" : 17
                },
                "name" : "visible",
                "highlight" : [ "headerRedni-2" ]
              } ]
            }, {
              "name" : "headerRedni-3",
              "specs" : [ {
                "status" : "info",
                "place" : {
                  "filePath" : "sale.gspec",
                  "lineNumber" : 17
                },
                "name" : "visible",
                "highlight" : [ "headerRedni-3" ]
              } ]
            }, {
              "name" : "headerRedni-4",
              "specs" : [ {
                "status" : "info",
                "place" : {
                  "filePath" : "sale.gspec",
                  "lineNumber" : 17
                },
                "name" : "visible",
                "highlight" : [ "headerRedni-4" ]
              } ]
            }, {
              "name" : "headerRedni-5",
              "specs" : [ {
                "status" : "info",
                "place" : {
                  "filePath" : "sale.gspec",
                  "lineNumber" : 17
                },
                "name" : "visible",
                "highlight" : [ "headerRedni-5" ]
              } ]
            }, {
              "name" : "headerRedni-6",
              "specs" : [ {
                "status" : "info",
                "place" : {
                  "filePath" : "sale.gspec",
                  "lineNumber" : 17
                },
                "name" : "visible",
                "highlight" : [ "headerRedni-6" ]
              } ]
            }, {
              "name" : "headerRedni-7",
              "specs" : [ {
                "status" : "info",
                "place" : {
                  "filePath" : "sale.gspec",
                  "lineNumber" : 17
                },
                "name" : "visible",
                "highlight" : [ "headerRedni-7" ]
              } ]
            }, {
              "name" : "headerRedni-8",
              "specs" : [ {
                "status" : "info",
                "place" : {
                  "filePath" : "sale.gspec",
                  "lineNumber" : 17
                },
                "name" : "visible",
                "highlight" : [ "headerRedni-8" ]
              } ]
            }, {
              "name" : "headerRedni-9",
              "specs" : [ {
                "status" : "info",
                "place" : {
                  "filePath" : "sale.gspec",
                  "lineNumber" : 17
                },
                "name" : "visible",
                "highlight" : [ "headerRedni-9" ]
              } ]
            } ]
          }, {
            "name" : "Header",
            "place" : {
              "filePath" : "sale.gspec",
              "lineNumber" : 19
            },
            "objects" : [ {
              "name" : "header",
              "specs" : [ {
                "status" : "info",
                "place" : {
                  "filePath" : "sale.gspec",
                  "lineNumber" : 21
                },
                "name" : "contains logo",
                "highlight" : [ "header", "logo" ]
              } ]
            } ]
          }, {
            "name" : "Logo",
            "place" : {
              "filePath" : "sale.gspec",
              "lineNumber" : 23
            },
            "objects" : [ {
              "name" : "logo",
              "specs" : [ {
                "status" : "info",
                "place" : {
                  "filePath" : "sale.gspec",
                  "lineNumber" : 25
                },
                "name" : "centered horizontally on header",
                "highlight" : [ "logo", "header" ]
              }, {
                "status" : "info",
                "place" : {
                  "filePath" : "sale.gspec",
                  "lineNumber" : 26
                },
                "name" : "on top edge header -35px top",
                "highlight" : [ "logo", "header" ]
              } ]
            } ]
          }, {
            "name" : "Tabela",
            "place" : {
              "filePath" : "sale.gspec",
              "lineNumber" : 29
            },
            "objects" : [ {
              "name" : "tabela",
              "specs" : [ {
                "status" : "info",
                "place" : {
                  "filePath" : "sale.gspec",
                  "lineNumber" : 31
                },
                "name" : "centered horizontally inside sadrzaj",
                "highlight" : [ "tabela", "sadrzaj" ]
              } ]
            } ]
          } ],
          "objects" : {
            "sadrzaj" : {
              "area" : [ 0, 168, 1350, 500 ]
            },
            "headerRedni-9" : {
              "area" : [ 521, 608, 94, 39 ]
            },
            "headerRedni-8" : {
              "area" : [ 521, 569, 94, 39 ]
            },
            "headerRedni-7" : {
              "area" : [ 521, 530, 94, 39 ]
            },
            "tabela" : {
              "area" : [ 521, 188, 307, 460 ]
            },
            "headerRedni-6" : {
              "area" : [ 521, 491, 94, 39 ]
            },
            "headerRedni-1" : {
              "area" : [ 521, 296, 94, 39 ]
            },
            "headerSprat-1" : {
              "area" : [ 615, 188, 212, 51 ]
            },
            "header" : {
              "area" : [ 0, 70, 1350, 93 ]
            },
            "logo" : {
              "area" : [ 0, 105, 1350, 0 ]
            },
            "headerRedni-5" : {
              "area" : [ 521, 452, 94, 39 ]
            },
            "headerRedni-4" : {
              "area" : [ 521, 413, 94, 39 ]
            },
            "headerRedni-3" : {
              "area" : [ 521, 374, 94, 39 ]
            },
            "headerRedni-2" : {
              "area" : [ 521, 335, 94, 39 ]
            }
          },
          "screenshot" : "layout-1-screenshot.png",
          "type" : "layout"
        } ],
        "time" : 1573669592746,
        "type" : "node"
      } ],
      "time" : 1573669586446,
      "type" : "node"
    } ]
  }
}