{"periodicna":[{"dan":2,"semestar":"zimski","kraj":"11:11","pocetak":"10:10","naziv":"0-02","predavac":"profesor"},{"dan":1,"semestar":"ljetni","kraj":"11:11","pocetak":"10:10","naziv":"0-02","predavac":"profesor"},{"dan":6,"semestar":"ljetni","kraj":"11:11","pocetak":"10:10","naziv":"0-02","predavac":"profesor"},{"dan":1,"semestar":"zimski","kraj":"","pocetak":"","naziv":"0-01","predavac":"string"},{"dan":1,"semestar":"zimski","kraj":"","pocetak":"","naziv":"0-01","predavac":"string"},{"dan":1,"semestar":"zimski","kraj":"","pocetak":"","naziv":"0-01","predavac":"string"},{"dan":2,"semestar":"zimski","kraj":"","pocetak":"","naziv":"0-01","predavac":"string"}],"vandredna":[{"datum":"01.01.1992","pocetak":"11:11","kraj":"11:11","naziv":"0-02","predavac":"profesor"},{"datum":"01.02.1992","pocetak":"00:00","kraj":"11:11","naziv":"0-02","predavac":"profesor"},{"datum":"1:11:2019","pocetak":"","kraj":"","naziv":"0-01","predavac":"string"},{"datum":"2:11:2019","pocetak":"","kraj":"","naziv":"0-01","predavac":"string"},{"datum":"1:11:2019","pocetak":"","kraj":"","naziv":"0-01","predavac":"string"},{"datum":"2:11:2019","pocetak":"","kraj":"","naziv":"0-01","predavac":"string"},{"datum":"2:11:2019","pocetak":"","kraj":"","naziv":"0-01","predavac":"string"},{"datum":"2:11:2019","pocetak":"","kraj":"","naziv":"0-01","predavac":"string"},{"datum":"9:11:2019","pocetak":"","kraj":"","naziv":"0-01","predavac":"string"},{"datum":"1:11:2019","pocetak":"","kraj":"","naziv":"0-01","predavac":"string"},{"datum":"1:11:2019","pocetak":"","kraj":"","naziv":"0-01","predavac":"string"},{"datum":"2:11:2019","pocetak":"","kraj":"","naziv":"0-01","predavac":"string"},{"datum":"1:11:2019","pocetak":"","kraj":"","naziv":"0-01","predavac":"string"},{"datum":"1:11:2019","pocetak":"","kraj":"","naziv":"0-01","predavac":"string"},{"datum":"3:11:2019","pocetak":"","kraj":"","naziv":"0-01","predavac":"string"},{"datum":"2:11:2019","pocetak":"","kraj":"","naziv":"0-01","predavac":"string"},{"datum":"1:11:2019","pocetak":"","kraj":"","naziv":"0-01","predavac":"string"}]}