{
  "testId" : "1-zadatak4-rezervacijamobile.gspec",
  "name" : "zadatak4/rezervacijaMobile.gspec",
  "report" : {
    "nodes" : [ {
      "name" : "Mutation test",
      "status" : "info",
      "nodes" : [ {
        "name" : "check  zadatak4/rezervacijaMobile.gspec --url http://localhost/spirala1/zadatak4/rezervacija.html --size 375x900 --offset 5 --htmlreport zadatak4/rezervacijaMobile-mutation-report",
        "status" : "info",
        "nodes" : [ {
          "name" : "Check layout: zadatak4/rezervacijaMobile.gspec included tags: ",
          "status" : "info",
          "time" : 1573662961500,
          "sections" : [ {
            "name" : "Skeleton",
            "place" : {
              "filePath" : "zadatak4/rezervacijaMobile.gspec",
              "lineNumber" : 20
            },
            "objects" : [ {
              "name" : "meni",
              "specs" : [ {
                "status" : "info",
                "place" : {
                  "filePath" : "zadatak4/rezervacijaMobile.gspec",
                  "lineNumber" : 24
                },
                "name" : "inside screen 40px top, 8px left right",
                "meta" : [ {
                  "from" : {
                    "object" : "meni",
                    "edge" : "top"
                  },
                  "to" : {
                    "object" : "screen",
                    "edge" : "top"
                  },
                  "expectedDistance" : "40px",
                  "realDistance" : "40px"
                }, {
                  "from" : {
                    "object" : "meni",
                    "edge" : "left"
                  },
                  "to" : {
                    "object" : "screen",
                    "edge" : "left"
                  },
                  "expectedDistance" : "8px",
                  "realDistance" : "8px"
                }, {
                  "from" : {
                    "object" : "meni",
                    "edge" : "right"
                  },
                  "to" : {
                    "object" : "screen",
                    "edge" : "right"
                  },
                  "expectedDistance" : "8px",
                  "realDistance" : "8px"
                } ],
                "highlight" : [ "meni", "screen" ]
              }, {
                "status" : "info",
                "place" : {
                  "filePath" : "zadatak4/rezervacijaMobile.gspec",
                  "lineNumber" : 27
                },
                "name" : "centered horizontally inside screen 1px",
                "highlight" : [ "meni", "screen" ]
              } ]
            }, {
              "name" : "sadrzaj",
              "specs" : [ {
                "status" : "info",
                "place" : {
                  "filePath" : "zadatak4/rezervacijaMobile.gspec",
                  "lineNumber" : 27
                },
                "name" : "centered horizontally inside screen 1px",
                "highlight" : [ "sadrzaj", "screen" ]
              }, {
                "status" : "info",
                "place" : {
                  "filePath" : "zadatak4/rezervacijaMobile.gspec",
                  "lineNumber" : 30
                },
                "name" : "inside screen 8px left right bottom",
                "meta" : [ {
                  "from" : {
                    "object" : "sadrzaj",
                    "edge" : "left"
                  },
                  "to" : {
                    "object" : "screen",
                    "edge" : "left"
                  },
                  "expectedDistance" : "8px",
                  "realDistance" : "8px"
                }, {
                  "from" : {
                    "object" : "sadrzaj",
                    "edge" : "right"
                  },
                  "to" : {
                    "object" : "screen",
                    "edge" : "right"
                  },
                  "expectedDistance" : "8px",
                  "realDistance" : "8px"
                }, {
                  "from" : {
                    "object" : "sadrzaj",
                    "edge" : "bottom"
                  },
                  "to" : {
                    "object" : "screen",
                    "edge" : "bottom"
                  },
                  "expectedDistance" : "8px",
                  "realDistance" : "8px"
                } ],
                "highlight" : [ "sadrzaj", "screen" ]
              } ]
            } ],
            "sections" : [ {
              "name" : "meni, sadrzaj are aligned vertically above each other with 18px margin",
              "place" : {
                "filePath" : "zadatak4/rezervacijaMobile.gspec",
                "lineNumber" : 21
              },
              "objects" : [ {
                "name" : "meni",
                "specs" : [ {
                  "status" : "info",
                  "place" : {
                    "filePath" : "zadatak4/../galen-extras/galen-extras-rules.gspec",
                    "lineNumber" : 214
                  },
                  "name" : "aligned vertically all sadrzaj 1px",
                  "highlight" : [ "meni", "sadrzaj" ]
                }, {
                  "status" : "info",
                  "place" : {
                    "filePath" : "zadatak4/../galen-extras/galen-extras-rules.gspec",
                    "lineNumber" : 215
                  },
                  "name" : "above sadrzaj 18px",
                  "meta" : [ {
                    "from" : {
                      "object" : "meni",
                      "edge" : "bottom"
                    },
                    "to" : {
                      "object" : "sadrzaj",
                      "edge" : "top"
                    },
                    "expectedDistance" : "18px",
                    "realDistance" : "18px"
                  } ],
                  "highlight" : [ "meni", "sadrzaj" ]
                } ]
              } ]
            } ]
          }, {
            "name" : "meni elements",
            "place" : {
              "filePath" : "zadatak4/rezervacijaMobile.gspec",
              "lineNumber" : 32
            },
            "objects" : [ {
              "name" : "lista",
              "specs" : [ {
                "status" : "info",
                "place" : {
                  "filePath" : "zadatak4/rezervacijaMobile.gspec",
                  "lineNumber" : 36
                },
                "name" : "inside meni 2px left right, 18px bottom",
                "meta" : [ {
                  "from" : {
                    "object" : "lista",
                    "edge" : "left"
                  },
                  "to" : {
                    "object" : "meni",
                    "edge" : "left"
                  },
                  "expectedDistance" : "2px",
                  "realDistance" : "2px"
                }, {
                  "from" : {
                    "object" : "lista",
                    "edge" : "right"
                  },
                  "to" : {
                    "object" : "meni",
                    "edge" : "right"
                  },
                  "expectedDistance" : "2px",
                  "realDistance" : "2px"
                }, {
                  "from" : {
                    "object" : "lista",
                    "edge" : "bottom"
                  },
                  "to" : {
                    "object" : "meni",
                    "edge" : "bottom"
                  },
                  "expectedDistance" : "18px",
                  "realDistance" : "18px"
                } ],
                "highlight" : [ "lista", "meni" ]
              }, {
                "status" : "info",
                "place" : {
                  "filePath" : "zadatak4/rezervacijaMobile.gspec",
                  "lineNumber" : 43
                },
                "name" : "centered horizontally inside meni 1px",
                "highlight" : [ "lista", "meni" ]
              } ]
            }, {
              "name" : "logo",
              "specs" : [ {
                "status" : "info",
                "place" : {
                  "filePath" : "zadatak4/rezervacijaMobile.gspec",
                  "lineNumber" : 39
                },
                "name" : "height 40px",
                "meta" : [ {
                  "from" : {
                    "object" : "logo",
                    "edge" : "top"
                  },
                  "to" : {
                    "object" : "logo",
                    "edge" : "bottom"
                  },
                  "expectedDistance" : "40px",
                  "realDistance" : "40px"
                } ],
                "highlight" : [ "logo" ]
              }, {
                "status" : "info",
                "place" : {
                  "filePath" : "zadatak4/rezervacijaMobile.gspec",
                  "lineNumber" : 40
                },
                "name" : "inside meni 2px top left right",
                "meta" : [ {
                  "from" : {
                    "object" : "logo",
                    "edge" : "top"
                  },
                  "to" : {
                    "object" : "meni",
                    "edge" : "top"
                  },
                  "expectedDistance" : "2px",
                  "realDistance" : "2px"
                }, {
                  "from" : {
                    "object" : "logo",
                    "edge" : "left"
                  },
                  "to" : {
                    "object" : "meni",
                    "edge" : "left"
                  },
                  "expectedDistance" : "2px",
                  "realDistance" : "2px"
                }, {
                  "from" : {
                    "object" : "logo",
                    "edge" : "right"
                  },
                  "to" : {
                    "object" : "meni",
                    "edge" : "right"
                  },
                  "expectedDistance" : "2px",
                  "realDistance" : "2px"
                } ],
                "highlight" : [ "logo", "meni" ]
              }, {
                "status" : "info",
                "place" : {
                  "filePath" : "zadatak4/rezervacijaMobile.gspec",
                  "lineNumber" : 43
                },
                "name" : "centered horizontally inside meni 1px",
                "highlight" : [ "logo", "meni" ]
              } ]
            } ],
            "sections" : [ {
              "name" : "logo, lista are aligned vertically above each other with 16px margin",
              "place" : {
                "filePath" : "zadatak4/rezervacijaMobile.gspec",
                "lineNumber" : 33
              },
              "objects" : [ {
                "name" : "logo",
                "specs" : [ {
                  "status" : "info",
                  "place" : {
                    "filePath" : "zadatak4/../galen-extras/galen-extras-rules.gspec",
                    "lineNumber" : 214
                  },
                  "name" : "aligned vertically all lista 1px",
                  "highlight" : [ "logo", "lista" ]
                }, {
                  "status" : "info",
                  "place" : {
                    "filePath" : "zadatak4/../galen-extras/galen-extras-rules.gspec",
                    "lineNumber" : 215
                  },
                  "name" : "above lista 16px",
                  "meta" : [ {
                    "from" : {
                      "object" : "logo",
                      "edge" : "bottom"
                    },
                    "to" : {
                      "object" : "lista",
                      "edge" : "top"
                    },
                    "expectedDistance" : "16px",
                    "realDistance" : "16px"
                  } ],
                  "highlight" : [ "logo", "lista" ]
                } ]
              } ]
            } ]
          }, {
            "name" : "sadrzaj elements",
            "place" : {
              "filePath" : "zadatak4/rezervacijaMobile.gspec",
              "lineNumber" : 45
            },
            "objects" : [ {
              "name" : "input_checkbox",
              "specs" : [ {
                "status" : "info",
                "place" : {
                  "filePath" : "zadatak4/rezervacijaMobile.gspec",
                  "lineNumber" : 52
                },
                "name" : "above input_time 14px",
                "meta" : [ {
                  "from" : {
                    "object" : "input_checkbox",
                    "edge" : "bottom"
                  },
                  "to" : {
                    "object" : "input_time",
                    "edge" : "top"
                  },
                  "expectedDistance" : "14px",
                  "realDistance" : "14px"
                } ],
                "highlight" : [ "input_checkbox", "input_time" ]
              }, {
                "status" : "info",
                "place" : {
                  "filePath" : "zadatak4/rezervacijaMobile.gspec",
                  "lineNumber" : 53
                },
                "name" : "below padajuca_lisa 10px",
                "meta" : [ {
                  "from" : {
                    "object" : "input_checkbox",
                    "edge" : "top"
                  },
                  "to" : {
                    "object" : "padajuca_lisa",
                    "edge" : "bottom"
                  },
                  "expectedDistance" : "10px",
                  "realDistance" : "10px"
                } ],
                "highlight" : [ "input_checkbox", "padajuca_lisa" ]
              }, {
                "status" : "info",
                "place" : {
                  "filePath" : "zadatak4/rezervacijaMobile.gspec",
                  "lineNumber" : 54
                },
                "name" : "inside forma >= 57px right",
                "meta" : [ {
                  "from" : {
                    "object" : "input_checkbox",
                    "edge" : "right"
                  },
                  "to" : {
                    "object" : "forma",
                    "edge" : "right"
                  },
                  "expectedDistance" : ">= 57px",
                  "realDistance" : "93px"
                } ],
                "highlight" : [ "input_checkbox", "forma" ]
              } ]
            }, {
              "name" : "input_time",
              "specs" : [ {
                "status" : "info",
                "place" : {
                  "filePath" : "zadatak4/rezervacijaMobile.gspec",
                  "lineNumber" : 57
                },
                "name" : "height 22px",
                "meta" : [ {
                  "from" : {
                    "object" : "input_time",
                    "edge" : "top"
                  },
                  "to" : {
                    "object" : "input_time",
                    "edge" : "bottom"
                  },
                  "expectedDistance" : "22px",
                  "realDistance" : "22px"
                } ],
                "highlight" : [ "input_time" ]
              }, {
                "status" : "info",
                "place" : {
                  "filePath" : "zadatak4/rezervacijaMobile.gspec",
                  "lineNumber" : 58
                },
                "name" : "inside forma 29px bottom, 57px right",
                "meta" : [ {
                  "from" : {
                    "object" : "input_time",
                    "edge" : "bottom"
                  },
                  "to" : {
                    "object" : "forma",
                    "edge" : "bottom"
                  },
                  "expectedDistance" : "29px",
                  "realDistance" : "29px"
                }, {
                  "from" : {
                    "object" : "input_time",
                    "edge" : "right"
                  },
                  "to" : {
                    "object" : "forma",
                    "edge" : "right"
                  },
                  "expectedDistance" : "57px",
                  "realDistance" : "57px"
                } ],
                "highlight" : [ "input_time", "forma" ]
              } ]
            }, {
              "name" : "dani",
              "specs" : [ {
                "status" : "info",
                "place" : {
                  "filePath" : "zadatak4/rezervacijaMobile.gspec",
                  "lineNumber" : 61
                },
                "name" : "inside kalendar 2px bottom, >= 2px right",
                "meta" : [ {
                  "from" : {
                    "object" : "dani",
                    "edge" : "bottom"
                  },
                  "to" : {
                    "object" : "kalendar",
                    "edge" : "bottom"
                  },
                  "expectedDistance" : "2px",
                  "realDistance" : "2px"
                }, {
                  "from" : {
                    "object" : "dani",
                    "edge" : "right"
                  },
                  "to" : {
                    "object" : "kalendar",
                    "edge" : "right"
                  },
                  "expectedDistance" : ">= 2px",
                  "realDistance" : "76px"
                } ],
                "highlight" : [ "dani", "kalendar" ]
              }, {
                "status" : "info",
                "place" : {
                  "filePath" : "zadatak4/rezervacijaMobile.gspec",
                  "lineNumber" : 90
                },
                "name" : "below mjesec 0px",
                "meta" : [ {
                  "from" : {
                    "object" : "dani",
                    "edge" : "top"
                  },
                  "to" : {
                    "object" : "mjesec",
                    "edge" : "bottom"
                  },
                  "expectedDistance" : "0px",
                  "realDistance" : "0px"
                } ],
                "highlight" : [ "dani", "mjesec" ]
              }, {
                "status" : "info",
                "place" : {
                  "filePath" : "zadatak4/rezervacijaMobile.gspec",
                  "lineNumber" : 91
                },
                "name" : "width 65px",
                "meta" : [ {
                  "from" : {
                    "object" : "dani",
                    "edge" : "left"
                  },
                  "to" : {
                    "object" : "dani",
                    "edge" : "right"
                  },
                  "expectedDistance" : "65px",
                  "realDistance" : "65px"
                } ],
                "highlight" : [ "dani" ]
              } ]
            }, {
              "name" : "sedmica",
              "specs" : [ {
                "status" : "info",
                "place" : {
                  "filePath" : "zadatak4/rezervacijaMobile.gspec",
                  "lineNumber" : 64
                },
                "name" : "inside kalendar 2px bottom, >= 2px left",
                "meta" : [ {
                  "from" : {
                    "object" : "sedmica",
                    "edge" : "bottom"
                  },
                  "to" : {
                    "object" : "kalendar",
                    "edge" : "bottom"
                  },
                  "expectedDistance" : "2px",
                  "realDistance" : "2px"
                }, {
                  "from" : {
                    "object" : "sedmica",
                    "edge" : "left"
                  },
                  "to" : {
                    "object" : "kalendar",
                    "edge" : "left"
                  },
                  "expectedDistance" : ">= 2px",
                  "realDistance" : "76px"
                } ],
                "highlight" : [ "sedmica", "kalendar" ]
              }, {
                "status" : "info",
                "place" : {
                  "filePath" : "zadatak4/rezervacijaMobile.gspec",
                  "lineNumber" : 90
                },
                "name" : "below mjesec 0px",
                "meta" : [ {
                  "from" : {
                    "object" : "sedmica",
                    "edge" : "top"
                  },
                  "to" : {
                    "object" : "mjesec",
                    "edge" : "bottom"
                  },
                  "expectedDistance" : "0px",
                  "realDistance" : "0px"
                } ],
                "highlight" : [ "sedmica", "mjesec" ]
              }, {
                "status" : "info",
                "place" : {
                  "filePath" : "zadatak4/rezervacijaMobile.gspec",
                  "lineNumber" : 91
                },
                "name" : "width 65px",
                "meta" : [ {
                  "from" : {
                    "object" : "sedmica",
                    "edge" : "left"
                  },
                  "to" : {
                    "object" : "sedmica",
                    "edge" : "right"
                  },
                  "expectedDistance" : "65px",
                  "realDistance" : "65px"
                } ],
                "highlight" : [ "sedmica" ]
              } ]
            }, {
              "name" : "forma",
              "specs" : [ {
                "status" : "info",
                "place" : {
                  "filePath" : "zadatak4/rezervacijaMobile.gspec",
                  "lineNumber" : 67
                },
                "name" : "centered horizontally inside sadrzaj 1px",
                "highlight" : [ "forma", "sadrzaj" ]
              }, {
                "status" : "info",
                "place" : {
                  "filePath" : "zadatak4/rezervacijaMobile.gspec",
                  "lineNumber" : 80
                },
                "name" : "inside sadrzaj 22px top left right",
                "meta" : [ {
                  "from" : {
                    "object" : "forma",
                    "edge" : "top"
                  },
                  "to" : {
                    "object" : "sadrzaj",
                    "edge" : "top"
                  },
                  "expectedDistance" : "22px",
                  "realDistance" : "22px"
                }, {
                  "from" : {
                    "object" : "forma",
                    "edge" : "left"
                  },
                  "to" : {
                    "object" : "sadrzaj",
                    "edge" : "left"
                  },
                  "expectedDistance" : "22px",
                  "realDistance" : "22px"
                }, {
                  "from" : {
                    "object" : "forma",
                    "edge" : "right"
                  },
                  "to" : {
                    "object" : "sadrzaj",
                    "edge" : "right"
                  },
                  "expectedDistance" : "22px",
                  "realDistance" : "22px"
                } ],
                "highlight" : [ "forma", "sadrzaj" ]
              } ]
            }, {
              "name" : "kalendar",
              "specs" : [ {
                "status" : "info",
                "place" : {
                  "filePath" : "zadatak4/rezervacijaMobile.gspec",
                  "lineNumber" : 67
                },
                "name" : "centered horizontally inside sadrzaj 1px",
                "highlight" : [ "kalendar", "sadrzaj" ]
              }, {
                "status" : "info",
                "place" : {
                  "filePath" : "zadatak4/rezervacijaMobile.gspec",
                  "lineNumber" : 87
                },
                "name" : "inside sadrzaj 22px left right, 52px bottom",
                "meta" : [ {
                  "from" : {
                    "object" : "kalendar",
                    "edge" : "left"
                  },
                  "to" : {
                    "object" : "sadrzaj",
                    "edge" : "left"
                  },
                  "expectedDistance" : "22px",
                  "realDistance" : "22px"
                }, {
                  "from" : {
                    "object" : "kalendar",
                    "edge" : "right"
                  },
                  "to" : {
                    "object" : "sadrzaj",
                    "edge" : "right"
                  },
                  "expectedDistance" : "22px",
                  "realDistance" : "22px"
                }, {
                  "from" : {
                    "object" : "kalendar",
                    "edge" : "bottom"
                  },
                  "to" : {
                    "object" : "sadrzaj",
                    "edge" : "bottom"
                  },
                  "expectedDistance" : "52px",
                  "realDistance" : "52px"
                } ],
                "highlight" : [ "kalendar", "sadrzaj" ]
              } ]
            }, {
              "name" : "padajuca_lisa",
              "specs" : [ {
                "status" : "info",
                "place" : {
                  "filePath" : "zadatak4/rezervacijaMobile.gspec",
                  "lineNumber" : 70
                },
                "name" : "height 20px",
                "meta" : [ {
                  "from" : {
                    "object" : "padajuca_lisa",
                    "edge" : "top"
                  },
                  "to" : {
                    "object" : "padajuca_lisa",
                    "edge" : "bottom"
                  },
                  "expectedDistance" : "20px",
                  "realDistance" : "20px"
                } ],
                "highlight" : [ "padajuca_lisa" ]
              }, {
                "status" : "info",
                "place" : {
                  "filePath" : "zadatak4/rezervacijaMobile.gspec",
                  "lineNumber" : 71
                },
                "name" : "inside forma 4px top, >= 57px right",
                "meta" : [ {
                  "from" : {
                    "object" : "padajuca_lisa",
                    "edge" : "top"
                  },
                  "to" : {
                    "object" : "forma",
                    "edge" : "top"
                  },
                  "expectedDistance" : "4px",
                  "realDistance" : "4px"
                }, {
                  "from" : {
                    "object" : "padajuca_lisa",
                    "edge" : "right"
                  },
                  "to" : {
                    "object" : "forma",
                    "edge" : "right"
                  },
                  "expectedDistance" : ">= 57px",
                  "realDistance" : "94px"
                } ],
                "highlight" : [ "padajuca_lisa", "forma" ]
              }, {
                "status" : "info",
                "place" : {
                  "filePath" : "zadatak4/rezervacijaMobile.gspec",
                  "lineNumber" : 72
                },
                "name" : "width 53px",
                "meta" : [ {
                  "from" : {
                    "object" : "padajuca_lisa",
                    "edge" : "left"
                  },
                  "to" : {
                    "object" : "padajuca_lisa",
                    "edge" : "right"
                  },
                  "expectedDistance" : "53px",
                  "realDistance" : "53px"
                } ],
                "highlight" : [ "padajuca_lisa" ]
              } ]
            }, {
              "name" : "mjesec",
              "specs" : [ {
                "status" : "info",
                "place" : {
                  "filePath" : "zadatak4/rezervacijaMobile.gspec",
                  "lineNumber" : 75
                },
                "name" : "centered horizontally inside kalendar 1px",
                "highlight" : [ "mjesec", "kalendar" ]
              }, {
                "status" : "info",
                "place" : {
                  "filePath" : "zadatak4/rezervacijaMobile.gspec",
                  "lineNumber" : 76
                },
                "name" : "height 23px",
                "meta" : [ {
                  "from" : {
                    "object" : "mjesec",
                    "edge" : "top"
                  },
                  "to" : {
                    "object" : "mjesec",
                    "edge" : "bottom"
                  },
                  "expectedDistance" : "23px",
                  "realDistance" : "23px"
                } ],
                "highlight" : [ "mjesec" ]
              }, {
                "status" : "info",
                "place" : {
                  "filePath" : "zadatak4/rezervacijaMobile.gspec",
                  "lineNumber" : 77
                },
                "name" : "inside kalendar 2px top left right",
                "meta" : [ {
                  "from" : {
                    "object" : "mjesec",
                    "edge" : "top"
                  },
                  "to" : {
                    "object" : "kalendar",
                    "edge" : "top"
                  },
                  "expectedDistance" : "2px",
                  "realDistance" : "2px"
                }, {
                  "from" : {
                    "object" : "mjesec",
                    "edge" : "left"
                  },
                  "to" : {
                    "object" : "kalendar",
                    "edge" : "left"
                  },
                  "expectedDistance" : "2px",
                  "realDistance" : "2px"
                }, {
                  "from" : {
                    "object" : "mjesec",
                    "edge" : "right"
                  },
                  "to" : {
                    "object" : "kalendar",
                    "edge" : "right"
                  },
                  "expectedDistance" : "2px",
                  "realDistance" : "2px"
                } ],
                "highlight" : [ "mjesec", "kalendar" ]
              } ]
            }, {
              "name" : "zauzeta",
              "specs" : [ {
                "status" : "info",
                "place" : {
                  "filePath" : "zadatak4/rezervacijaMobile.gspec",
                  "lineNumber" : 83
                },
                "name" : "centered horizontally inside dani 1px",
                "highlight" : [ "zauzeta", "dani" ]
              }, {
                "status" : "info",
                "place" : {
                  "filePath" : "zadatak4/rezervacijaMobile.gspec",
                  "lineNumber" : 84
                },
                "name" : "inside dani 10px top left right",
                "meta" : [ {
                  "from" : {
                    "object" : "zauzeta",
                    "edge" : "top"
                  },
                  "to" : {
                    "object" : "dani",
                    "edge" : "top"
                  },
                  "expectedDistance" : "10px",
                  "realDistance" : "10px"
                }, {
                  "from" : {
                    "object" : "zauzeta",
                    "edge" : "left"
                  },
                  "to" : {
                    "object" : "dani",
                    "edge" : "left"
                  },
                  "expectedDistance" : "10px",
                  "realDistance" : "10px"
                }, {
                  "from" : {
                    "object" : "zauzeta",
                    "edge" : "right"
                  },
                  "to" : {
                    "object" : "dani",
                    "edge" : "right"
                  },
                  "expectedDistance" : "10px",
                  "realDistance" : "10px"
                } ],
                "highlight" : [ "zauzeta", "dani" ]
              } ]
            } ],
            "sections" : [ {
              "name" : "forma, kalendar are aligned vertically above each other with 30px margin",
              "place" : {
                "filePath" : "zadatak4/rezervacijaMobile.gspec",
                "lineNumber" : 46
              },
              "objects" : [ {
                "name" : "forma",
                "specs" : [ {
                  "status" : "info",
                  "place" : {
                    "filePath" : "zadatak4/../galen-extras/galen-extras-rules.gspec",
                    "lineNumber" : 214
                  },
                  "name" : "aligned vertically all kalendar 1px",
                  "highlight" : [ "forma", "kalendar" ]
                }, {
                  "status" : "info",
                  "place" : {
                    "filePath" : "zadatak4/../galen-extras/galen-extras-rules.gspec",
                    "lineNumber" : 215
                  },
                  "name" : "above kalendar 30px",
                  "meta" : [ {
                    "from" : {
                      "object" : "forma",
                      "edge" : "bottom"
                    },
                    "to" : {
                      "object" : "kalendar",
                      "edge" : "top"
                    },
                    "expectedDistance" : "30px",
                    "realDistance" : "30px"
                  } ],
                  "highlight" : [ "forma", "kalendar" ]
                } ]
              } ]
            }, {
              "name" : "input_checkbox should be squared with 13px size",
              "place" : {
                "filePath" : "zadatak4/rezervacijaMobile.gspec",
                "lineNumber" : 47
              },
              "objects" : [ {
                "name" : "input_checkbox",
                "specs" : [ {
                  "status" : "info",
                  "place" : {
                    "filePath" : "zadatak4/../galen-extras/galen-extras-rules.gspec",
                    "lineNumber" : 69
                  },
                  "name" : "width 13px",
                  "meta" : [ {
                    "from" : {
                      "object" : "input_checkbox",
                      "edge" : "left"
                    },
                    "to" : {
                      "object" : "input_checkbox",
                      "edge" : "right"
                    },
                    "expectedDistance" : "13px",
                    "realDistance" : "13px"
                  } ],
                  "highlight" : [ "input_checkbox" ]
                }, {
                  "status" : "info",
                  "place" : {
                    "filePath" : "zadatak4/../galen-extras/galen-extras-rules.gspec",
                    "lineNumber" : 70
                  },
                  "name" : "height 13px",
                  "meta" : [ {
                    "from" : {
                      "object" : "input_checkbox",
                      "edge" : "top"
                    },
                    "to" : {
                      "object" : "input_checkbox",
                      "edge" : "bottom"
                    },
                    "expectedDistance" : "13px",
                    "realDistance" : "13px"
                  } ],
                  "highlight" : [ "input_checkbox" ]
                } ]
              } ]
            }, {
              "name" : "sedmica, dani are aligned horizontally next to each other with 4px margin",
              "place" : {
                "filePath" : "zadatak4/rezervacijaMobile.gspec",
                "lineNumber" : 48
              },
              "objects" : [ {
                "name" : "sedmica",
                "specs" : [ {
                  "status" : "info",
                  "place" : {
                    "filePath" : "zadatak4/../galen-extras/galen-extras-rules.gspec",
                    "lineNumber" : 201
                  },
                  "name" : "aligned horizontally all dani 1px",
                  "highlight" : [ "sedmica", "dani" ]
                }, {
                  "status" : "info",
                  "place" : {
                    "filePath" : "zadatak4/../galen-extras/galen-extras-rules.gspec",
                    "lineNumber" : 202
                  },
                  "name" : "left-of dani 4px",
                  "meta" : [ {
                    "from" : {
                      "object" : "sedmica",
                      "edge" : "right"
                    },
                    "to" : {
                      "object" : "dani",
                      "edge" : "left"
                    },
                    "expectedDistance" : "4px",
                    "realDistance" : "4px"
                  } ],
                  "highlight" : [ "sedmica", "dani" ]
                } ]
              } ]
            }, {
              "name" : "zauzeta should be squared with 45px size",
              "place" : {
                "filePath" : "zadatak4/rezervacijaMobile.gspec",
                "lineNumber" : 49
              },
              "objects" : [ {
                "name" : "zauzeta",
                "specs" : [ {
                  "status" : "info",
                  "place" : {
                    "filePath" : "zadatak4/../galen-extras/galen-extras-rules.gspec",
                    "lineNumber" : 69
                  },
                  "name" : "width 45px",
                  "meta" : [ {
                    "from" : {
                      "object" : "zauzeta",
                      "edge" : "left"
                    },
                    "to" : {
                      "object" : "zauzeta",
                      "edge" : "right"
                    },
                    "expectedDistance" : "45px",
                    "realDistance" : "45px"
                  } ],
                  "highlight" : [ "zauzeta" ]
                }, {
                  "status" : "info",
                  "place" : {
                    "filePath" : "zadatak4/../galen-extras/galen-extras-rules.gspec",
                    "lineNumber" : 70
                  },
                  "name" : "height 45px",
                  "meta" : [ {
                    "from" : {
                      "object" : "zauzeta",
                      "edge" : "top"
                    },
                    "to" : {
                      "object" : "zauzeta",
                      "edge" : "bottom"
                    },
                    "expectedDistance" : "45px",
                    "realDistance" : "45px"
                  } ],
                  "highlight" : [ "zauzeta" ]
                } ]
              } ]
            } ]
          } ],
          "objects" : {
            "meni" : {
              "area" : [ 8, 40, 330, 246 ]
            },
            "lista" : {
              "area" : [ 10, 98, 326, 170 ]
            },
            "input_time" : {
              "area" : [ 155, 387, 104, 22 ]
            },
            "screen" : {
              "area" : [ 0, 0, 346, 920 ]
            },
            "forma" : {
              "area" : [ 30, 326, 286, 112 ]
            },
            "mjesec" : {
              "area" : [ 32, 470, 282, 23 ]
            },
            "sadrzaj" : {
              "area" : [ 8, 304, 330, 608 ]
            },
            "zauzeta" : {
              "area" : [ 185, 503, 45, 45 ]
            },
            "input_checkbox" : {
              "area" : [ 210, 360, 13, 13 ]
            },
            "sedmica" : {
              "area" : [ 106, 493, 65, 365 ]
            },
            "dani" : {
              "area" : [ 175, 493, 65, 365 ]
            },
            "logo" : {
              "area" : [ 10, 42, 326, 40 ]
            },
            "padajuca_lisa" : {
              "area" : [ 169, 330, 53, 20 ]
            },
            "kalendar" : {
              "area" : [ 30, 468, 286, 392 ]
            }
          },
          "screenshot" : "layout-1-screenshot.png",
          "type" : "layout"
        }, {
          "name" : "Mutation testing: zadatak4/rezervacijaMobile.gspec included tags: ",
          "status" : "error",
          "time" : 1573662961500,
          "mutationReport" : {
            "objectMutationStatistics" : {
              "meni" : {
                "passed" : 10,
                "failed" : 0,
                "failedMutations" : [ ]
              },
              "lista" : {
                "passed" : 10,
                "failed" : 0,
                "failedMutations" : [ ]
              },
              "input_time" : {
                "passed" : 9,
                "failed" : 1,
                "failedMutations" : [ "input_time: move left edge right by 5px" ]
              },
              "screen" : {
                "passed" : 10,
                "failed" : 0,
                "failedMutations" : [ ]
              },
              "forma" : {
                "passed" : 10,
                "failed" : 0,
                "failedMutations" : [ ]
              },
              "mjesec" : {
                "passed" : 10,
                "failed" : 0,
                "failedMutations" : [ ]
              },
              "sadrzaj" : {
                "passed" : 10,
                "failed" : 0,
                "failedMutations" : [ ]
              },
              "zauzeta" : {
                "passed" : 10,
                "failed" : 0,
                "failedMutations" : [ ]
              },
              "input_checkbox" : {
                "passed" : 8,
                "failed" : 2,
                "failedMutations" : [ "input_checkbox: drag left by 5px", "input_checkbox: drag right by 5px" ]
              },
              "sedmica" : {
                "passed" : 10,
                "failed" : 0,
                "failedMutations" : [ ]
              },
              "dani" : {
                "passed" : 10,
                "failed" : 0,
                "failedMutations" : [ ]
              },
              "logo" : {
                "passed" : 10,
                "failed" : 0,
                "failedMutations" : [ ]
              },
              "padajuca_lisa" : {
                "passed" : 8,
                "failed" : 2,
                "failedMutations" : [ "padajuca_lisa: drag left by 5px", "padajuca_lisa: drag right by 5px" ]
              },
              "kalendar" : {
                "passed" : 10,
                "failed" : 0,
                "failedMutations" : [ ]
              }
            },
            "totalPassed" : 135,
            "totalFailed" : 5,
            "failedRatio" : 3.5714285714285716,
            "totalMutations" : 140
          },
          "type" : "mutation"
        } ],
        "time" : 1573662957451,
        "type" : "node"
      } ],
      "time" : 1573662952520,
      "type" : "node"
    } ]
  }
}