{"title":"Rezervacije","items":{"meni":{"area":[8,40,330,246],"hasImage":true},"lista":{"area":[10,98,326,170],"hasImage":true},"input_time":{"area":[155,387,104,22],"hasImage":true},"screen":{"area":[0,0,346,920],"hasImage":true},"forma":{"area":[30,326,286,112],"hasImage":true},"mjesec":{"area":[32,470,282,23],"hasImage":true},"sadrzaj":{"area":[8,304,330,608],"hasImage":true},"zauzeta":{"area":[185,503,45,45],"hasImage":true},"input_checkbox":{"area":[210,360,13,13],"hasImage":true},"viewport":{"area":[0,0,346,819],"hasImage":true},"sedmica":{"area":[106,493,65,365],"hasImage":true},"dani":{"area":[175,493,65,365],"hasImage":true},"logo":{"area":[10,42,326,40],"hasImage":true},"padajuca_lisa":{"area":[169,330,53,20],"hasImage":true},"kalendar":{"area":[30,468,286,392],"hasImage":true}},"pageName":"http://localhost/spirala1/zadatak4/rezervacija.html"}