{"title":"Sale","items":{"meni":{"area":[8,40,1892,94],"hasImage":true},"headerSprat":{"area":[875,175,250,50],"hasImage":true},"zauzetaSala":{"area":[1075,314,50,39],"hasImage":true},"viewport":{"area":[0,0,1908,999],"hasImage":true},"sala":{"area":[875,275,50,39],"hasImage":true},"logo":{"area":[10,42,1888,40],"hasImage":true},"headerRedni":{"area":[781,225,94,50],"hasImage":true},"screen":{"area":[0,0,1908,999],"hasImage":true},"sadrzaj":{"area":[8,152,1892,496],"hasImage":true},"kancelarija":{"area":[875,353,50,39],"hasImage":true},"tabelaSala":{"area":[781,174,345,452],"hasImage":true},"slobodnaSala":{"area":[1075,275,50,39],"hasImage":true}},"pageName":"http://localhost/spirala1/zadatak1/sale.html"}