{
  "periodicna": [
    {
      "dan": 1,
      "semestar": "zimski",
      "pocetak": "12:00",
      "kraj": "15:00",
      "naziv": "0-01",
      "predavac": ""
    },
    {
      "dan": 3,
      "semestar": "zimski",
      "pocetak": "12:00",
      "kraj": "15:00",
      "naziv": "0-01",
      "predavac": ""
    }
  ],
  "vanredna": [
    {
      "datum": "15.11.2019",
      "pocetak": "12:00",
      "kraj": "15:00",
      "naziv": "0-01",
      "predavac": ""
    },
    {
      "datum": "11.12.2019",
      "pocetak": "09:00",
      "kraj": "19:00",
      "naziv": "0-01",
      "predavac": ""
    }
  ]
}