{"periodicna":[{"dan":"6","semestar":"zimski","pocetak":"16:30","kraj":"17:00","naziv":"0-05","predavac":""},{"dan":"2","semestar":"ljetni","pocetak":"06:00","kraj":"07:00","naziv":"0-01","predavac":""},{"dan":"1","semestar":"zimski","pocetak":"17:00","kraj":"19:00","naziv":"0-02","predavac":""},{"dan":"6","semestar":"zimski","pocetak":"13:00","kraj":"14:00","naziv":"VA1","predavac":""},{"dan":"5","semestar":"zimski","pocetak":"15:00","kraj":"15:14","naziv":"0-03","predavac":""},{"dan":"4","pocetak":"13:30","kraj":"14:00","naziv":"0-02","predavac":""},{"dan":"4","semestar":"zimski","pocetak":"14:00","kraj":"15:00","naziv":"1-07","predavac":""},{"dan":"4","semestar":"ljetni","pocetak":"14:00","kraj":"15:00","naziv":"1-07","predavac":""}],"vanredna":[{"datum":"04.12.2019","pocetak":"14:00","kraj":"15:30","naziv":"0-03","predavac":""},{"datum":"01.12.2019","pocetak":"13:00","kraj":"14:00","naziv":"0-01","predavac":""}]}