{
  "testId" : "1-zadatak3-pocetna.gspec",
  "name" : "zadatak3/pocetna.gspec",
  "report" : {
    "nodes" : [ {
      "name" : "Mutation test",
      "status" : "info",
      "nodes" : [ {
        "name" : "check  zadatak3/pocetna.gspec --url http://localhost/spirala1/zadatak3/pocetna.html --size 1920x1080 --offset 5 --htmlreport zadatak3/pocetna-mutation-report",
        "status" : "info",
        "nodes" : [ {
          "name" : "Check layout: zadatak3/pocetna.gspec included tags: ",
          "status" : "info",
          "time" : 1573669352567,
          "sections" : [ {
            "name" : "Skeleton",
            "place" : {
              "filePath" : "zadatak3/pocetna.gspec",
              "lineNumber" : 12
            },
            "objects" : [ {
              "name" : "meni",
              "specs" : [ {
                "status" : "info",
                "place" : {
                  "filePath" : "zadatak3/pocetna.gspec",
                  "lineNumber" : 16
                },
                "name" : "inside screen 40px top, 8px left right",
                "meta" : [ {
                  "from" : {
                    "object" : "meni",
                    "edge" : "top"
                  },
                  "to" : {
                    "object" : "screen",
                    "edge" : "top"
                  },
                  "expectedDistance" : "40px",
                  "realDistance" : "40px"
                }, {
                  "from" : {
                    "object" : "meni",
                    "edge" : "left"
                  },
                  "to" : {
                    "object" : "screen",
                    "edge" : "left"
                  },
                  "expectedDistance" : "8px",
                  "realDistance" : "8px"
                }, {
                  "from" : {
                    "object" : "meni",
                    "edge" : "right"
                  },
                  "to" : {
                    "object" : "screen",
                    "edge" : "right"
                  },
                  "expectedDistance" : "8px",
                  "realDistance" : "8px"
                } ],
                "highlight" : [ "meni", "screen" ]
              }, {
                "status" : "info",
                "place" : {
                  "filePath" : "zadatak3/pocetna.gspec",
                  "lineNumber" : 19
                },
                "name" : "centered horizontally inside screen 1px",
                "highlight" : [ "meni", "screen" ]
              } ]
            }, {
              "name" : "sadrzaj",
              "specs" : [ {
                "status" : "info",
                "place" : {
                  "filePath" : "zadatak3/pocetna.gspec",
                  "lineNumber" : 19
                },
                "name" : "centered horizontally inside screen 1px",
                "highlight" : [ "sadrzaj", "screen" ]
              }, {
                "status" : "info",
                "place" : {
                  "filePath" : "zadatak3/pocetna.gspec",
                  "lineNumber" : 22
                },
                "name" : "inside screen 8px left right",
                "meta" : [ {
                  "from" : {
                    "object" : "sadrzaj",
                    "edge" : "left"
                  },
                  "to" : {
                    "object" : "screen",
                    "edge" : "left"
                  },
                  "expectedDistance" : "8px",
                  "realDistance" : "8px"
                }, {
                  "from" : {
                    "object" : "sadrzaj",
                    "edge" : "right"
                  },
                  "to" : {
                    "object" : "screen",
                    "edge" : "right"
                  },
                  "expectedDistance" : "8px",
                  "realDistance" : "8px"
                } ],
                "highlight" : [ "sadrzaj", "screen" ]
              } ]
            } ],
            "sections" : [ {
              "name" : "meni, sadrzaj are aligned vertically above each other with 18px margin",
              "place" : {
                "filePath" : "zadatak3/pocetna.gspec",
                "lineNumber" : 13
              },
              "objects" : [ {
                "name" : "meni",
                "specs" : [ {
                  "status" : "info",
                  "place" : {
                    "filePath" : "zadatak3/../galen-extras/galen-extras-rules.gspec",
                    "lineNumber" : 214
                  },
                  "name" : "aligned vertically all sadrzaj 1px",
                  "highlight" : [ "meni", "sadrzaj" ]
                }, {
                  "status" : "info",
                  "place" : {
                    "filePath" : "zadatak3/../galen-extras/galen-extras-rules.gspec",
                    "lineNumber" : 215
                  },
                  "name" : "above sadrzaj 18px",
                  "meta" : [ {
                    "from" : {
                      "object" : "meni",
                      "edge" : "bottom"
                    },
                    "to" : {
                      "object" : "sadrzaj",
                      "edge" : "top"
                    },
                    "expectedDistance" : "18px",
                    "realDistance" : "18px"
                  } ],
                  "highlight" : [ "meni", "sadrzaj" ]
                } ]
              } ]
            } ]
          }, {
            "name" : "meni elements",
            "place" : {
              "filePath" : "zadatak3/pocetna.gspec",
              "lineNumber" : 24
            },
            "objects" : [ {
              "name" : "meni_element",
              "specs" : [ {
                "status" : "info",
                "place" : {
                  "filePath" : "zadatak3/pocetna.gspec",
                  "lineNumber" : 26
                },
                "name" : "below logo 8px",
                "meta" : [ {
                  "from" : {
                    "object" : "meni_element",
                    "edge" : "top"
                  },
                  "to" : {
                    "object" : "logo",
                    "edge" : "bottom"
                  },
                  "expectedDistance" : "8px",
                  "realDistance" : "8px"
                } ],
                "highlight" : [ "meni_element", "logo" ]
              }, {
                "status" : "info",
                "place" : {
                  "filePath" : "zadatak3/pocetna.gspec",
                  "lineNumber" : 27
                },
                "name" : "height 33px",
                "meta" : [ {
                  "from" : {
                    "object" : "meni_element",
                    "edge" : "top"
                  },
                  "to" : {
                    "object" : "meni_element",
                    "edge" : "bottom"
                  },
                  "expectedDistance" : "33px",
                  "realDistance" : "33px"
                } ],
                "highlight" : [ "meni_element" ]
              }, {
                "status" : "info",
                "place" : {
                  "filePath" : "zadatak3/pocetna.gspec",
                  "lineNumber" : 28
                },
                "name" : "inside meni 11px bottom, 12px left, >= 2px right",
                "meta" : [ {
                  "from" : {
                    "object" : "meni_element",
                    "edge" : "bottom"
                  },
                  "to" : {
                    "object" : "meni",
                    "edge" : "bottom"
                  },
                  "expectedDistance" : "11px",
                  "realDistance" : "11px"
                }, {
                  "from" : {
                    "object" : "meni_element",
                    "edge" : "left"
                  },
                  "to" : {
                    "object" : "meni",
                    "edge" : "left"
                  },
                  "expectedDistance" : "12px",
                  "realDistance" : "12px"
                }, {
                  "from" : {
                    "object" : "meni_element",
                    "edge" : "right"
                  },
                  "to" : {
                    "object" : "meni",
                    "edge" : "right"
                  },
                  "expectedDistance" : ">= 2px",
                  "realDistance" : "1814px"
                } ],
                "highlight" : [ "meni_element", "meni" ]
              }, {
                "status" : "info",
                "place" : {
                  "filePath" : "zadatak3/pocetna.gspec",
                  "lineNumber" : 29
                },
                "name" : "width 66px",
                "meta" : [ {
                  "from" : {
                    "object" : "meni_element",
                    "edge" : "left"
                  },
                  "to" : {
                    "object" : "meni_element",
                    "edge" : "right"
                  },
                  "expectedDistance" : "66px",
                  "realDistance" : "66px"
                } ],
                "highlight" : [ "meni_element" ]
              } ]
            }, {
              "name" : "meni_lista",
              "specs" : [ {
                "status" : "info",
                "place" : {
                  "filePath" : "zadatak3/pocetna.gspec",
                  "lineNumber" : 32
                },
                "name" : "below logo 16px",
                "meta" : [ {
                  "from" : {
                    "object" : "meni_lista",
                    "edge" : "top"
                  },
                  "to" : {
                    "object" : "logo",
                    "edge" : "bottom"
                  },
                  "expectedDistance" : "16px",
                  "realDistance" : "16px"
                } ],
                "highlight" : [ "meni_lista", "logo" ]
              }, {
                "status" : "info",
                "place" : {
                  "filePath" : "zadatak3/pocetna.gspec",
                  "lineNumber" : 33
                },
                "name" : "height 18px",
                "meta" : [ {
                  "from" : {
                    "object" : "meni_lista",
                    "edge" : "top"
                  },
                  "to" : {
                    "object" : "meni_lista",
                    "edge" : "bottom"
                  },
                  "expectedDistance" : "18px",
                  "realDistance" : "18px"
                } ],
                "highlight" : [ "meni_lista" ]
              }, {
                "status" : "info",
                "place" : {
                  "filePath" : "zadatak3/pocetna.gspec",
                  "lineNumber" : 34
                },
                "name" : "inside meni 2px left right, 18px bottom",
                "meta" : [ {
                  "from" : {
                    "object" : "meni_lista",
                    "edge" : "left"
                  },
                  "to" : {
                    "object" : "meni",
                    "edge" : "left"
                  },
                  "expectedDistance" : "2px",
                  "realDistance" : "2px"
                }, {
                  "from" : {
                    "object" : "meni_lista",
                    "edge" : "right"
                  },
                  "to" : {
                    "object" : "meni",
                    "edge" : "right"
                  },
                  "expectedDistance" : "2px",
                  "realDistance" : "2px"
                }, {
                  "from" : {
                    "object" : "meni_lista",
                    "edge" : "bottom"
                  },
                  "to" : {
                    "object" : "meni",
                    "edge" : "bottom"
                  },
                  "expectedDistance" : "18px",
                  "realDistance" : "18px"
                } ],
                "highlight" : [ "meni_lista", "meni" ]
              }, {
                "status" : "info",
                "place" : {
                  "filePath" : "zadatak3/pocetna.gspec",
                  "lineNumber" : 41
                },
                "name" : "centered horizontally inside meni 1px",
                "highlight" : [ "meni_lista", "meni" ]
              } ]
            }, {
              "name" : "logo",
              "specs" : [ {
                "status" : "info",
                "place" : {
                  "filePath" : "zadatak3/pocetna.gspec",
                  "lineNumber" : 37
                },
                "name" : "height 40px",
                "meta" : [ {
                  "from" : {
                    "object" : "logo",
                    "edge" : "top"
                  },
                  "to" : {
                    "object" : "logo",
                    "edge" : "bottom"
                  },
                  "expectedDistance" : "40px",
                  "realDistance" : "40px"
                } ],
                "highlight" : [ "logo" ]
              }, {
                "status" : "info",
                "place" : {
                  "filePath" : "zadatak3/pocetna.gspec",
                  "lineNumber" : 38
                },
                "name" : "inside meni 2px top left right",
                "meta" : [ {
                  "from" : {
                    "object" : "logo",
                    "edge" : "top"
                  },
                  "to" : {
                    "object" : "meni",
                    "edge" : "top"
                  },
                  "expectedDistance" : "2px",
                  "realDistance" : "2px"
                }, {
                  "from" : {
                    "object" : "logo",
                    "edge" : "left"
                  },
                  "to" : {
                    "object" : "meni",
                    "edge" : "left"
                  },
                  "expectedDistance" : "2px",
                  "realDistance" : "2px"
                }, {
                  "from" : {
                    "object" : "logo",
                    "edge" : "right"
                  },
                  "to" : {
                    "object" : "meni",
                    "edge" : "right"
                  },
                  "expectedDistance" : "2px",
                  "realDistance" : "2px"
                } ],
                "highlight" : [ "logo", "meni" ]
              }, {
                "status" : "info",
                "place" : {
                  "filePath" : "zadatak3/pocetna.gspec",
                  "lineNumber" : 41
                },
                "name" : "centered horizontally inside meni 1px",
                "highlight" : [ "logo", "meni" ]
              } ]
            } ]
          }, {
            "name" : "sadrzaj elements",
            "place" : {
              "filePath" : "zadatak3/pocetna.gspec",
              "lineNumber" : 43
            },
            "objects" : [ {
              "name" : "slika",
              "specs" : [ {
                "status" : "info",
                "place" : {
                  "filePath" : "zadatak3/pocetna.gspec",
                  "lineNumber" : 45
                },
                "name" : "centered horizontally inside okvir_slike 1px",
                "highlight" : [ "slika", "okvir_slike" ]
              }, {
                "status" : "info",
                "place" : {
                  "filePath" : "zadatak3/pocetna.gspec",
                  "lineNumber" : 46
                },
                "name" : "inside okvir_slike 3px bottom, 0px top left right",
                "meta" : [ {
                  "from" : {
                    "object" : "slika",
                    "edge" : "bottom"
                  },
                  "to" : {
                    "object" : "okvir_slike",
                    "edge" : "bottom"
                  },
                  "expectedDistance" : "3px",
                  "realDistance" : "3px"
                }, {
                  "from" : {
                    "object" : "slika",
                    "edge" : "top"
                  },
                  "to" : {
                    "object" : "okvir_slike",
                    "edge" : "top"
                  },
                  "expectedDistance" : "0px",
                  "realDistance" : "0px"
                }, {
                  "from" : {
                    "object" : "slika",
                    "edge" : "left"
                  },
                  "to" : {
                    "object" : "okvir_slike",
                    "edge" : "left"
                  },
                  "expectedDistance" : "0px",
                  "realDistance" : "0px"
                }, {
                  "from" : {
                    "object" : "slika",
                    "edge" : "right"
                  },
                  "to" : {
                    "object" : "okvir_slike",
                    "edge" : "right"
                  },
                  "expectedDistance" : "0px",
                  "realDistance" : "0px"
                } ],
                "highlight" : [ "slika", "okvir_slike" ]
              } ]
            }, {
              "name" : "okvir_slike",
              "specs" : [ {
                "status" : "info",
                "place" : {
                  "filePath" : "zadatak3/pocetna.gspec",
                  "lineNumber" : 49
                },
                "name" : "inside sadrzaj 22px top",
                "meta" : [ {
                  "from" : {
                    "object" : "okvir_slike",
                    "edge" : "top"
                  },
                  "to" : {
                    "object" : "sadrzaj",
                    "edge" : "top"
                  },
                  "expectedDistance" : "22px",
                  "realDistance" : "22px"
                } ],
                "highlight" : [ "okvir_slike", "sadrzaj" ]
              } ]
            } ]
          } ],
          "objects" : {
            "meni" : {
              "area" : [ 8, 40, 1892, 94 ]
            },
            "meni_element" : {
              "area" : [ 20, 90, 66, 33 ]
            },
            "slika" : {
              "area" : [ 337, 174, 200, 150 ]
            },
            "okvir_slike" : {
              "area" : [ 337, 174, 200, 153 ]
            },
            "meni_lista" : {
              "area" : [ 10, 98, 1888, 18 ]
            },
            "screen" : {
              "area" : [ 0, 0, 1908, 999 ]
            },
            "logo" : {
              "area" : [ 10, 42, 1888, 40 ]
            },
            "sadrzaj" : {
              "area" : [ 8, 152, 1892, 688 ]
            }
          },
          "screenshot" : "layout-1-screenshot.png",
          "type" : "layout"
        }, {
          "name" : "Mutation testing: zadatak3/pocetna.gspec included tags: ",
          "status" : "error",
          "time" : 1573669352567,
          "mutationReport" : {
            "objectMutationStatistics" : {
              "meni" : {
                "passed" : 10,
                "failed" : 0,
                "failedMutations" : [ ]
              },
              "meni_element" : {
                "passed" : 10,
                "failed" : 0,
                "failedMutations" : [ ]
              },
              "slika" : {
                "passed" : 10,
                "failed" : 0,
                "failedMutations" : [ ]
              },
              "okvir_slike" : {
                "passed" : 10,
                "failed" : 0,
                "failedMutations" : [ ]
              },
              "meni_lista" : {
                "passed" : 10,
                "failed" : 0,
                "failedMutations" : [ ]
              },
              "screen" : {
                "passed" : 8,
                "failed" : 2,
                "failedMutations" : [ "screen: increase height by 5px", "screen: decrease height by 5px" ]
              },
              "logo" : {
                "passed" : 10,
                "failed" : 0,
                "failedMutations" : [ ]
              },
              "sadrzaj" : {
                "passed" : 8,
                "failed" : 2,
                "failedMutations" : [ "sadrzaj: increase height by 5px", "sadrzaj: decrease height by 5px" ]
              }
            },
            "totalPassed" : 76,
            "totalFailed" : 4,
            "failedRatio" : 5.0,
            "totalMutations" : 80
          },
          "type" : "mutation"
        } ],
        "time" : 1573669350168,
        "type" : "node"
      } ],
      "time" : 1573669345246,
      "type" : "node"
    } ]
  }
}