{"title":"Početna","items":{"meni":{"area":[8,40,1892,94],"hasImage":true},"meni_element":{"area":[20,90,66,33],"hasImage":true},"slika":{"area":[337,174,200,150],"hasImage":true},"okvir_slike":{"area":[337,174,200,153],"hasImage":true},"meni_lista":{"area":[10,98,1888,18],"hasImage":true},"viewport":{"area":[0,0,1908,999],"hasImage":true},"logo":{"area":[10,42,1888,40],"hasImage":true},"screen":{"area":[0,0,1908,999],"hasImage":true},"sadrzaj":{"area":[8,152,1892,688],"hasImage":true}},"pageName":"http://localhost/spirala1/zadatak3/pocetna.html"}