{"title":"Unos","items":{"meni":{"area":[8,40,1892,94],"hasImage":true},"input_email":{"area":[957,249,147,22],"hasImage":true},"input_text":{"area":[957,181,147,22],"hasImage":true},"input_number":{"area":[961,215,140,22],"hasImage":true},"viewport":{"area":[0,0,1908,999],"hasImage":true},"logo":{"area":[10,42,1888,40],"hasImage":true},"screen":{"area":[0,0,1908,999],"hasImage":true},"forma":{"area":[30,174,1848,196],"hasImage":true},"sadrzaj":{"area":[8,152,1892,240],"hasImage":true}},"pageName":"http://localhost/spirala1/zadatak2/unos.html"}